geometry,OBJECTID,NAME,LABEL,Shape_Length
"LINESTRING (66.543999 86.654999, 66.301003 86.606003)",1,Eurasian:North American,Transform Boundary,0.24788659873982133
"LINESTRING (46.063 86.598, 47.522999 86.640999, 50.77 86.706001, 54.561001 86.746002, 58.018002 86.787003, 61.506001 86.805, 62.463001 86.754997, 66.543999 86.654999)",2,Eurasian:North American,Divergent Boundary,20.485313628715176
"LINESTRING (46.313999 86.560997, 46.063 86.598)",3,Eurasian:North American,Transform Boundary,0.2537122665079063
"LINESTRING (66.301003 86.606003, 70.089485 86.403961)",4,Eurasian:North American,Divergent Boundary,3.7938663293590973
"LINESTRING (9.809 84.958, 10.659 85.067001, 11.704 85.137001, 13.242 85.280998, 14.666 85.379997, 16.063 85.485001, 17.889999 85.591003, 19.285 85.683998, 21.343 85.799004, 23.347 85.817001, 25.382999 85.859001, 27.427 85.866997, 28.143 85.874001, 29.229 85.809998, 30.972 85.907997, 33.34 86.053001, 35.606998 86.161003, 38.300999 86.291, 41.756001 86.431999, 43.479 86.496002, 46.313999 86.560997)",5,Eurasian:North American,Divergent Boundary,36.55793671440972
"LINESTRING (8.938 85.009003, 9.809 84.958)",6,Eurasian:North American,Transform Boundary,0.8724922690666614
"LINESTRING (4.508 84.57, 5.177 84.632004, 6.665 84.762001, 8.134 84.898003, 8.938 85.009003)",7,Eurasian:North American,Divergent Boundary,4.4524430459858735
"LINESTRING (4.035 84.597, 4.508 84.57)",8,Eurasian:North American,Transform Boundary,0.47377006043655356
"LINESTRING (-7.212 82.867996, -6.234 83, -5.154 83.249001, -4.148 83.43, -3.204 83.57, -2.363 83.690002, -1.206 83.863998, -0.469 83.996002, 0.405 84.101997, 1.301 84.223, 2.235 84.343002, 3.024 84.461998, 3.848 84.560997, 4.035 84.597)",9,Eurasian:North American,Divergent Boundary,11.384433402950544
"LINESTRING (-5.865 82.691002, -7.212 82.867996)",10,Eurasian:North American,Transform Boundary,1.3585787870042192
"LINESTRING (-5.01 82.518997, -5.865 82.691002)",11,Eurasian:North American,Divergent Boundary,0.8721294818858994
"LINESTRING (-3.7 82.328003, -5.01 82.518997)",12,Eurasian:North American,Transform Boundary,1.3238501742854765
"LINESTRING (-4.641 81.370003, -4.152 81.552002, -3.909 81.620003, -5.033 81.913002, -4.537 82.050003, -3.796 82.290001, -3.7 82.328003)",13,Eurasian:North American,Divergent Boundary,3.3323847901738883
"LINESTRING (-2.414 81.125999, -3.454 81.250999, -4.641 81.370003)",14,Eurasian:North American,Transform Boundary,2.2404352976973607
"LINESTRING (-3.364 80.792, -2.779 80.992996, -2.414 81.125999)",15,Eurasian:North American,Divergent Boundary,1.0070441942250368
"LINESTRING (-1.684 80.625, -2.942 80.755997, -3.364 80.792)",16,Eurasian:North American,Transform Boundary,1.6883351078506237
"LINESTRING (-2.341 80.370003, -1.684 80.625)",17,Eurasian:North American,Divergent Boundary,0.7047500868214986
"LINESTRING (4.39 79.532997, 3.296 79.657997, 2.378 79.779999, 1.487 79.908997, 0.628 80.026001, -0.251 80.141998, -0.969 80.212997, -1.766 80.308998, -2.341 80.370003)",18,Eurasian:North American,Transform Boundary,6.783521719463076
"LINESTRING (3.432 79.029999, 3.901 79.227997, 4.39 79.532997)",19,Eurasian:North American,Divergent Boundary,1.0854029612036462
"LINESTRING (7.785 78.235001, 6.776 78.444, 5.592 78.640999, 4.691 78.806, 3.857 78.949997, 3.432 79.029999)",20,Eurasian:North American,Transform Boundary,4.425482914049376
"LINESTRING (70.089485 86.403961, 70.926003 86.203003, 72.984001 86.106003, 75.028999 85.988998, 76.325996 85.917, 78.403 85.767998, 81.102997 85.639, 83.142998 85.556, 84.802002 85.5, 86.802002 85.417999, 88.486 85.346001, 89.980003 85.295998, 92.313004 85.228996, 94.154999 85.154999, 95.838997 85.101997, 97.273003 85.028, 98.568001 84.959999, 99.444 84.911003, 102.917999 84.664001, 103.943001 84.578003, 105.302002 84.485001, 106.759003 84.369003, 107.709 84.294998, 108.939003 84.194, 109.726997 84.110001, 110.959 83.964996, 111.973999 83.823997, 112.843002 83.674004, 113.723 83.512001, 114.557999 83.320999, 115.258003 83.151001, 115.792999 83.014, 116.582001 82.739998, 117.170998 82.539001, 117.660768 82.343451, 117.85783 82.281137, 118.999718 82.09392, 119.268654 81.993132, 119.984001 81.595001, 121.003998 81.114998, 121.898003 80.642998, 122.639 80.206001, 123.407997 79.759003, 125.011178 79.066391, 125.148128 78.994283, 125.283716 78.822939, 125.580641 78.304681, 125.70109 78.174056)",21,Eurasian:North American,Divergent Boundary,57.13234955241818
"LINESTRING (-3.692 71.398003, -2.937 71.5, -2.399 71.592003, -1.743 71.684998, -0.975 71.815002, -0.392 71.910004, 0.281 72.014999, 0.901 72.134003, 1.991 72.328003, 2.781 72.432999, 3.609 72.580002, 4.3 72.696999, 4.97 72.820999, 5.586 72.924004, 6.055 73.018997, 6.782 73.144997, 7.071 73.203003, 7.391 73.251999, 7.791 73.371002, 8.15 73.427002, 8.386 73.485001, 8.652 73.533997, 8.838 73.627998, 8.957 73.706001, 9.037 73.758003, 9.14 73.882004, 9.203 73.978996, 9.208 74.096001, 9.153 74.233002, 9.133 74.376999, 8.984 74.542999, 8.781 74.763, 8.63 74.945999, 8.46 75.075996, 8.212 75.188004, 7.946 75.382004, 7.842 75.527, 7.603 75.728996, 7.593 75.981003, 7.515 76.116997, 7.48 76.278999, 7.557 76.431, 7.563 76.601997, 7.615 76.799004, 7.622 76.969002, 7.672 77.148003, 7.809 77.478996, 7.88 77.711998, 7.771 77.911003, 7.827 78.089996, 7.785 78.235001)",22,Eurasian:North American,Divergent Boundary,18.375763725046873
"LINESTRING (-4.072 71.490997, -3.692 71.398003)",23,Eurasian:North American,Transform Boundary,0.39121362399264964
"LINESTRING (-4.741 71.333, -4.36 71.431999, -4.072 71.490997)",24,Eurasian:North American,Divergent Boundary,0.687632941937324
"LINESTRING (-5.699 71.540001, -5.157 71.431, -4.741 71.333)",25,Eurasian:North American,Transform Boundary,0.9802389542058945
"LINESTRING (-12.359 71.251999, -12.106 71.396004, -11.714 71.587997, -11.37 71.774002)",26,Eurasian:North American,Divergent Boundary,1.118672397012431
"LINESTRING (-7.375 71.125, -6.9 71.281998, -6.333 71.387001, -5.917 71.464996, -5.699 71.540001)",27,Eurasian:North American,Divergent Boundary,1.730704826966415
"LINESTRING (-11.37 71.774002, -10.356 71.614998, -9.393 71.456001, -7.941 71.217003, -7.375 71.125)",28,Eurasian:North American,Transform Boundary,4.047394968252942
"LINESTRING (-11.356 71.052002, -11.865 71.147003, -12.359 71.251999)",29,Eurasian:North American,Transform Boundary,1.022824763572749
"LINESTRING (-12.255 70.563004, -12.009 70.706001, -11.669 70.875999, -11.356 71.052002)",30,Eurasian:North American,Divergent Boundary,1.023763596371996
"LINESTRING (-13.892 70.816002, -13.396 70.772003, -12.905 70.697998, -12.255 70.563004)",31,Eurasian:North American,Transform Boundary,1.658363697368033
"LINESTRING (-14.448 70.353996, -14.237 70.516998, -14.036 70.725998, -13.892 70.816002)",32,Eurasian:North American,Divergent Boundary,0.7264105635986651
"LINESTRING (-14.734 70.389, -14.448 70.353996)",33,Eurasian:North American,Transform Boundary,0.28813434392889375
"LINESTRING (-14.734 70.389, -15.024 70.168999, -15.425 69.839996, -15.716 69.550003, -16.034 69.264999, -16.263 69.038002, -16.487 68.807999)",34,Eurasian:North American,Divergent Boundary,2.364049510702227
"LINESTRING (-16.487 68.807999, -17.153999 68.864998)",35,Eurasian:North American,Transform Boundary,0.669430852555802
"LINESTRING (-17.153999 68.864998, -17.392 68.699997, -17.829 68.400002, -18.219999 68.066002, -18.49 67.737999, -18.756001 67.443001, -19.099001 67.057999)",36,Eurasian:North American,Divergent Boundary,2.6715826005409666
"LINESTRING (125.691874 78.178664, 125.820073 78.051586, 126.457001 77.683998, 127.051197 77.314679, 127.152564 77.225302, 127.265742 77.123443, 127.634003 76.642998, 128.050003 76.050003, 128.518997 75.494003, 128.8433 75.080447, 128.945528 74.960765, 129.086459 74.843722, 129.595001 74.478996, 130.199997 74.017998, 131.263 73.371002, 132.483002 72.695, 133.266998 72.281998, 134.016998 71.864998, 134.854004 71.267998, 135.567213 70.726423, 135.955279 70.515197, 136.757996 69.954002, 137.367996 69.635002, 138.340523 69.135685, 138.47034 69.051353, 138.602896 68.9394, 138.962997 68.476997, 139.284533 68.040852, 139.384015 67.941189, 139.505088 67.849462, 140.330002 67.446999, 141.242004 66.978996)",37,Eurasian:North American,Divergent Boundary,19.414410759610192
"LINESTRING (-19.099001 67.057999, -18.118 66.933998)",38,Eurasian:North American,Transform Boundary,0.9888068079707092
"LINESTRING (-18.118 66.933998, -18.247 66.780998)",39,Eurasian:North American,Divergent Boundary,0.20012468103852285
"LINESTRING (-18.247 66.780998, -17.473 66.684998)",40,Eurasian:North American,Transform Boundary,0.7799310155948364
"LINESTRING (-17.473 66.684998, -17.718 66.364998)",41,Eurasian:North American,Divergent Boundary,0.403020119135718
"LINESTRING (-17.718 66.364998, -16.507 66.203003)",42,Eurasian:North American,Transform Boundary,1.221787391971747
"LINESTRING (-16.507 66.203003, -16.656 65.943001, -16.858999 65.677002, -17.025 65.378998, -17.141001 64.995003, -17.368 64.737, -17.822001 64.488998, -18.625999 64.181999, -19.041 63.985001, -19.238001 63.862)",43,Eurasian:North American,Divergent Boundary,3.7897523326060902
"LINESTRING (-19.238001 63.862, -20.097 63.949001, -20.731001 64.016998, -21.298 64.067001)",44,Eurasian:North American,Transform Boundary,2.0702306347762685
"LINESTRING (-21.298 64.067001, -22.066 63.922001, -22.537001 63.835999, -22.872 63.766998, -23.059 63.650002)",45,Eurasian:North American,Divergent Boundary,1.8229715435143259
"LINESTRING (-23.059 63.650002, -23.33 63.651001)",46,Eurasian:North American,Transform Boundary,0.2710017515056631
"LINESTRING (-23.33 63.651001, -23.487 63.568001, -23.74 63.473999, -24.01 63.355, -24.254999 63.23, -24.518999 63.110001, -24.721001 62.992001, -24.888 62.924, -25.035 62.799999, -25.156 62.709999, -25.311001 62.613998)",47,Eurasian:North American,Divergent Boundary,2.247280039868038
"LINESTRING (-25.311001 62.613998, -25.448999 62.619999)",48,Eurasian:North American,Transform Boundary,0.13812897823555798
"LINESTRING (-25.448999 62.619999, -25.643 62.502998, -25.875 62.375, -26.107 62.237, -26.309 62.105, -26.527 61.938999, -26.768 61.825001, -27.032 61.665001, -27.226 61.532001, -27.389 61.397999, -27.582001 61.251999, -27.854 61.066002, -28.024 60.956001, -28.191999 60.848, -28.408001 60.703999, -28.642 60.566002, -28.829 60.418999, -28.927 60.333)",49,Eurasian:North American,Divergent Boundary,4.171524546447122
"LINESTRING (-28.927 60.333, -29.028 60.34)",50,Eurasian:North American,Transform Boundary,0.10124211381806614
"LINESTRING (-30.791 58.941002, -30.646999 59.091999, -30.452999 59.237999, -30.306 59.389999, -30.163 59.528999, -30.042999 59.618, -29.85 59.750999, -29.636 59.868, -29.507 59.969002, -29.372 60.083, -29.225 60.167999, -29.118 60.272999, -29.028 60.34)",51,Eurasian:North American,Divergent Boundary,2.262469035188969
"LINESTRING (-30.976999 58.976002, -30.791 58.941002)",52,Eurasian:North American,Transform Boundary,0.18926327281769462
"LINESTRING (-31.556 58.446999, -31.427 58.574001, -31.302999 58.689999, -31.177999 58.805, -31.039 58.891998, -30.976999 58.976002)",53,Eurasian:North American,Divergent Boundary,0.7890656102771029
"LINESTRING (-31.745001 58.467999, -31.556 58.446999)",54,Eurasian:North American,Transform Boundary,0.19016415436252448
"LINESTRING (-145.608774 59.228894, -145.081959 59.497823, -144.68264 59.732588, -144.287924 59.913904, -143.332001 60.206001, -142.538031 60.428442, -142.399302 60.45405, -142.278607 60.455299, -141.598007 60.401001, -141.217248 60.335119, -141.06863 60.316989, -140.908686 60.322892, -140.224555 60.374061, -140.133202 60.373274, -140.042613 60.347497, -139.471155 60.120279, -139.36438 60.06069, -138.860001 59.762001, -138.352997 59.335999, -137.819 58.924999, -137.106995 58.438)",55,North American:Pacific,Other,9.347605237889333
"LINESTRING (-32.279999 57.998001, -32.123001 58.147999, -31.983 58.249001, -31.872 58.34, -31.799999 58.396999, -31.745001 58.467999)",56,Eurasian:North American,Divergent Boundary,0.7149409669099861
"LINESTRING (-32.472 58.006001, -32.279999 57.998001)",57,Eurasian:North American,Transform Boundary,0.1921679120757669
"LINESTRING (-32.806 57.641998, -32.708 57.772999, -32.618999 57.880001, -32.492001 57.957001, -32.472 58.006001)",58,Eurasian:North American,Divergent Boundary,0.5042213094995348
"LINESTRING (-32.917999 57.667, -32.806 57.641998)",59,Eurasian:North American,Transform Boundary,0.1147561194167116
"LINESTRING (-33.202999 57.285, -33.07 57.451, -33.009998 57.548, -32.964001 57.608002, -32.917999 57.667)",60,Eurasian:North American,Divergent Boundary,0.4771828382474481
"LINESTRING (-33.497002 57.264, -33.376999 57.264999, -33.202999 57.285)",61,Eurasian:North American,Transform Boundary,0.29515240241252644
"LINESTRING (-33.587002 56.875, -33.566002 57.000999, -33.535 57.088001, -33.508999 57.161999, -33.497002 57.264)",62,Eurasian:North American,Divergent Boundary,0.4012348008456179
"LINESTRING (-33.978001 56.902, -33.796001 56.882999, -33.681999 56.870998, -33.587002 56.875)",63,Eurasian:North American,Transform Boundary,0.39270219900555386
"LINESTRING (-34.071999 56.738998, -34.042999 56.779999, -34.004002 56.827, -33.978001 56.902)",64,Eurasian:North American,Divergent Boundary,0.19067221590777597
"LINESTRING (-34.217999 56.745998, -34.071999 56.738998)",65,Eurasian:North American,Transform Boundary,0.14616761844438284
"LINESTRING (-34.346001 56.501999, -34.320999 56.577, -34.247002 56.659, -34.217999 56.745998)",66,Eurasian:North American,Divergent Boundary,0.28121576143149773
"LINESTRING (-34.439999 56.499001, -34.346001 56.501999)",67,Eurasian:North American,Transform Boundary,0.09404576366361414
"LINESTRING (-34.638 55.812, -34.619999 55.938999, -34.557999 56.061001, -34.509998 56.209999, -34.493 56.337002, -34.459999 56.436001, -34.439999 56.499001)",68,Eurasian:North American,Divergent Boundary,0.7202474653275716
"LINESTRING (-34.876999 55.848, -34.638 55.812)",69,Eurasian:North American,Transform Boundary,0.24169441629560592
"LINESTRING (-35.339001 54.995998, -35.250999 55.140999, -35.173 55.326, -35.080002 55.484001, -34.972 55.691002, -34.901001 55.773998, -34.876999 55.848)",70,Eurasian:North American,Divergent Boundary,0.9742251310339234
"LINESTRING (-35.212002 54.971001, -35.339001 54.995998)",71,Eurasian:North American,Transform Boundary,0.12943572339158296
"LINESTRING (164.065994 55.209, 164.870558 54.981218, 165.406952 54.804549, 165.780512 54.649325)",72,North American:Pacific,Convergent Boundary,1.8054518202157692
"LINESTRING (-35.487999 54.331001, -35.411999 54.515999, -35.365002 54.678001, -35.289001 54.785999, -35.273998 54.912998, -35.212002 54.971001)",73,Eurasian:North American,Divergent Boundary,0.7135222217775339
"LINESTRING (-35.120998 54.307999, -35.313 54.327, -35.487999 54.331001)",74,Eurasian:North American,Transform Boundary,0.36798423199305436
"LINESTRING (165.79009 54.64377, 166.518054 54.325885)",75,North American:Pacific,Transform Boundary,0.7943434500602511
"LINESTRING (166.508475 54.320286, 167.418429 53.92079, 168.155971 53.574464)",76,North American:Pacific,Convergent Boundary,1.8085939832768114
"LINESTRING (-35.452 53.546001, -35.395 53.667999, -35.327 53.827999, -35.27 53.951, -35.201 54.111, -35.146999 54.220001, -35.120998 54.307999)",77,Eurasian:North American,Divergent Boundary,0.831720107948471
"LINESTRING (-35.245998 53.512001, -35.452 53.546001)",78,Eurasian:North American,Transform Boundary,0.20878830204814877
"LINESTRING (-35.325001 53.237999, -35.282001 53.388, -35.257 53.474998, -35.245998 53.512001)",79,Eurasian:North American,Divergent Boundary,0.28516555478505723
"LINESTRING (-35.182999 53.209999, -35.325001 53.237999)",80,Eurasian:North American,Transform Boundary,0.14473628161855215
"LINESTRING (168.155971 53.585865, 168.883935 53.253996)",81,North American:Pacific,Transform Boundary,0.8000421144652479
"LINESTRING (-137.106995 58.438, -136.895004 58.09, -136.522003 57.633999, -136.209 57.118, -135.903 56.620998, -135.429001 56.102001, -135.179993 55.819, -134.669006 55.317001, -134.151001 54.812, -133.839996 54.376999, -133.425995 53.924)",82,North American:Pacific,Transform Boundary,5.851773417314258
"LINESTRING (-35.138 52.705002, -35.155998 52.861, -35.160999 52.990002, -35.183998 53.133999, -35.182999 53.209999)",83,Eurasian:North American,Divergent Boundary,0.5079605933303244
"LINESTRING (-34.924999 52.708, -34.883999 52.703999)",84,Eurasian:North American,Transform Boundary,0.04119518064413837
"LINESTRING (-34.883999 52.703999, -35.011002 52.703999, -35.138 52.705002)",85,Eurasian:North American,Transform Boundary,0.25400557931772005
"LINESTRING (-31.257 52.419998, -31.582001 52.465, -31.865999 52.504002, -32.054001 52.515999, -32.359001 52.556, -32.648998 52.581001, -32.856998 52.595001, -33.02 52.615002, -33.334999 52.627998, -33.712002 52.647999, -34.174 52.662998, -34.571999 52.681999, -34.924999 52.708)",86,Eurasian:North American,Transform Boundary,3.6819799146443057
"LINESTRING (-132.714005 53.126999, -132.169006 52.696999, -131.591995 52.258999)",87,North American:Pacific,Other,1.4186277908613427
"LINESTRING (-31.268 52.109001, -31.253 52.263, -31.264999 52.342999, -31.257 52.419998)",88,Eurasian:North American,Divergent Boundary,0.31303504564006335
"LINESTRING (-30.025999 52.029999, -30.375999 52.056999, -30.806999 52.095001, -31.058001 52.105, -31.268 52.109001)",89,Eurasian:North American,Transform Boundary,1.2449497827007934
"LINESTRING (-131.591995 52.258999, -131.177002 51.886002)",90,North American:Pacific,Transform Boundary,0.5579842300615472
"LINESTRING (-131.177002 51.886002, -130.850006 51.612)",91,North American:Pacific,Other,0.4266185920510785
"LINESTRING (-180 50.399216, -179.439916 50.369864, -178.999306 50.369864, -178.520383 50.369864, -178.012724 50.382115, -177.35181 50.406607, -176.911201 50.449437, -176.106609 50.504447, -175.484009 50.589891, -174.803938 50.638646, -174.047239 50.711684, -173.156442 50.814958, -172.409322 50.905892, -171.633466 51.008735, -170.800139 51.129434, -170.014705 51.273856, -169.277163 51.46571, -168.817397 51.597142, -167.878707 51.835132, -166.796341 52.101367, -165.943857 52.289724, -165.139266 52.500668, -164.392146 52.693144, -163.779124 52.88477, -163.099053 53.058241, -162.332776 53.231013, -161.595234 53.391637, -160.800221 53.517416, -159.928581 53.631435, -159.229353 53.767852, -157.93626 54.028076, -156.873145 54.230718, -156.078233 54.370195, -155.592454 54.493776, -155.27449 54.601603, -154.853975 54.83896, -154.532573 54.994522, -154.009089 55.195483, -153.233233 55.512004, -152.428642 55.852939, -152.00719 56.02497, -151.218002 56.308998, -150.546997 56.499001, -150.080994 56.623001, -149.602995 56.784402, -149.152807 56.947033, -148.750511 57.114166, -148.175803 57.373803, -147.802243 57.595626, -147.419104 57.841648, -147.035966 58.096139, -146.739033 58.348821, -146.406193 58.644142, -146.145169 58.858714, -145.790765 59.101018, -145.580039 59.228894)",92,North American:Pacific,Convergent Boundary,36.001422553907545
"MULTILINESTRING ((168.874356 53.253996, 169.774732 52.88477, 170.699997 52.498001, 171.862838 52.060057, 172.964005 51.683998, 174.228719 51.339897, 174.975839 51.165582, 175.349399 51.087226, 175.962421 50.948267, 176.671227 50.827093, 177.245935 50.705602, 177.696123 50.632555, 178.270831 50.534981, 178.759333 50.486118, 179.468139 50.424967, 179.994955 50.400485), (-180 50.412931, -179.995467 50.412728))",93,North American:Pacific,Convergent Boundary,11.550122375118365
"LINESTRING (-130.328995 50.298, -130.253998 50.465, -130.753006 50.908001, -131.074005 51.185001, -130.850006 51.612)",94,Pacific:Juan de Fuca,Divergent Boundary,1.7565222569359755
"LINESTRING (-130.162003 50.216999, -130.328995 50.298)",95,Pacific:Juan de Fuca,Transform Boundary,0.18560064215939837
"LINESTRING (-28.818001 49.657001, -28.868999 49.730999, -28.895 49.814999, -28.959999 49.904999, -28.987 49.987999, -28.995001 50.068001, -29.021999 50.152, -29.125999 50.195, -29.198 50.221001, -29.322001 50.32, -29.427 50.416, -29.507999 50.469002, -29.537001 50.5, -29.662001 50.598, -29.768 50.694, -29.830999 50.743, -29.875 50.790001, -29.909 50.861, -29.941999 50.931, -29.982 50.990002, -29.976 51.106998, -30.000999 51.254002, -29.996 51.424, -30.000999 51.619999, -30.006001 51.764999, -30.011 51.856998, -30.035999 51.952999, -30.025999 52.029999)",96,Eurasian:North American,Divergent Boundary,2.893916357503122
"LINESTRING (-28.562 49.639, -28.718 49.653, -28.818001 49.657001)",97,Eurasian:North American,Transform Boundary,0.2567074898508557
"LINESTRING (-130.501007 49.479, -130.162003 49.983002, -130.300003 50.055, -130.162003 50.216999)",98,Pacific:Juan de Fuca,Divergent Boundary,0.9758680907913119
"LINESTRING (-128.919006 48.868999, -129.705002 49.176998, -130.501007 49.479)",99,Pacific:Juan de Fuca,Transform Boundary,1.6955564390152478
"LINESTRING (-28.011 48.605, -28.035 48.688, -28.087 48.803001, -28.162001 48.909, -28.205999 48.995998, -28.263 49.098999, -28.316999 49.160999, -28.353001 49.220001, -28.426001 49.285999, -28.452 49.368999, -28.486 49.480999, -28.545 49.583, -28.562 49.639)",100,Eurasian:North American,Divergent Boundary,1.1878044635444778
"LINESTRING (-27.76 48.584999, -27.889 48.609001, -28.011 48.605)",101,Eurasian:North American,Transform Boundary,0.2532790104784839
"LINESTRING (-129.190002 47.834999, -128.940002 48.324001, -129.147003 48.476002, -128.919006 48.868999)",102,Pacific:Juan de Fuca,Divergent Boundary,1.2603617550310036
"LINESTRING (-128.938004 47.727001, -129.190002 47.834999)",103,Pacific:Juan de Fuca,Transform Boundary,0.27416599284994025
"LINESTRING (-27.462999 47.658001, -27.563999 47.651001)",104,Eurasian:North American,Transform Boundary,0.10124211388024591
"LINESTRING (-27.563999 47.651001, -27.59 47.775002, -27.622 47.886002, -27.635 47.993999, -27.653999 48.09, -27.704 48.205002, -27.712 48.325001, -27.731001 48.421001, -27.749001 48.516998, -27.76 48.584999)",105,Eurasian:North American,Divergent Boundary,0.9589420132144176
"LINESTRING (-27.378 46.757, -27.377001 46.848999, -27.347 46.922001, -27.334 46.999001, -27.382 47.113998, -27.441 47.205002, -27.474001 47.264, -27.461 47.341, -27.458 47.393002, -27.464001 47.473, -27.443001 47.521999, -27.448 47.602001, -27.462999 47.658001)",106,Eurasian:North American,Divergent Boundary,0.9515321149009272
"LINESTRING (-27.436001 46.755001, -27.378 46.757)",107,Eurasian:North American,Transform Boundary,0.058034998308969334
"LINESTRING (-129.572006 46.402, -129.259003 47.064999, -128.938004 47.727001)",108,Pacific:Juan de Fuca,Divergent Boundary,1.4688923819319428
"LINESTRING (-129.802994 46.432999, -129.572006 46.402)",109,Pacific:Juan de Fuca,Transform Boundary,0.23305822890322686
"LINESTRING (-27.511999 46.202999, -27.489 46.304001, -27.487 46.355999, -27.472 46.485001, -27.445999 46.638, -27.444 46.691002, -27.436001 46.755001)",110,Eurasian:North American,Divergent Boundary,0.5582241912364407
"LINESTRING (-27.565001 46.213001, -27.511999 46.202999)",111,Eurasian:North American,Transform Boundary,0.05393692150163352
"LINESTRING (-27.601999 45.983002, -27.584999 46.071999, -27.572001 46.148998, -27.565001 46.213001)",112,Eurasian:North American,Divergent Boundary,0.23307979873460946
"LINESTRING (-27.677 45.985001, -27.601999 45.983002)",113,Eurasian:North American,Transform Boundary,0.07502739575702813
"LINESTRING (-130.072998 45.943001, -130.050995 46.195999, -129.917007 46.229, -129.802994 46.432999)",114,Pacific:Juan de Fuca,Divergent Boundary,0.6256425183825708
"LINESTRING (-129.869003 45.896, -130.072998 45.943001)",115,Pacific:Juan de Fuca,Transform Boundary,0.20933929810111904
"LINESTRING (-27.698999 45.882999, -27.697001 45.936001, -27.677 45.985001)",116,Eurasian:North American,Divergent Boundary,0.1059635332753203
"LINESTRING (-27.739 45.877998, -27.698999 45.882999)",117,Eurasian:North American,Transform Boundary,0.04031232974177973
"LINESTRING (-27.825001 45.526001, -27.795 45.598999, -27.773001 45.700001, -27.759001 45.828999, -27.739 45.877998)",118,Eurasian:North American,Divergent Boundary,0.36497203036540854
"LINESTRING (-27.877001 45.535999, -27.825001 45.526001)",119,Eurasian:North American,Transform Boundary,0.052952537688895865
"LINESTRING (-27.871 45.456001, -27.862 45.48, -27.864 45.521, -27.877001 45.535999)",120,Eurasian:North American,Divergent Boundary,0.08652910528953611
"LINESTRING (-27.924 45.466, -27.871 45.456001)",121,Eurasian:North American,Transform Boundary,0.05393433995271367
"LINESTRING (-27.937 45.337002, -27.934999 45.389999, -27.938 45.43, -27.924 45.466)",122,Eurasian:North American,Divergent Boundary,0.1317743578503393
"LINESTRING (-27.972 45.344002, -27.937 45.337002)",123,Eurasian:North American,Transform Boundary,0.03569298148616503
"LINESTRING (-27.993999 45.098, -27.988001 45.162998, -27.986 45.215, -27.979 45.279999, -27.972 45.344002)",124,Eurasian:North American,Divergent Boundary,0.24707438265168602
"LINESTRING (-28.076 45.126999, -27.993999 45.098)",125,Eurasian:North American,Transform Boundary,0.0869774753052429
"LINESTRING (-28.157 44.919998, -28.139 44.967999, -28.115 45.029999, -28.1 45.066002, -28.076 45.126999)",126,Eurasian:North American,Divergent Boundary,0.22229903446693078
"LINESTRING (-28.106001 44.909, -28.157 44.919998)",127,Eurasian:North American,Transform Boundary,0.052171037751897714
"LINESTRING (-130.479996 44.589001, -130.367004 44.93, -130.069 45.285, -130.186996 45.414001, -129.936005 45.736, -129.869003 45.896)",128,Pacific:Juan de Fuca,Divergent Boundary,1.5792849326961413
"LINESTRING (-28.367001 44.183998, -28.32 44.306999, -28.282 44.404999, -28.257 44.518002, -28.215 44.627998, -28.167999 44.75, -28.143999 44.812, -28.142 44.863998, -28.106001 44.909)",129,Eurasian:North American,Divergent Boundary,0.7771530235625683
"LINESTRING (-28.434999 44.198002, -28.367001 44.183998)",130,Eurasian:North American,Transform Boundary,0.06942588629212271
"LINESTRING (-28.524 43.768002, -28.513 43.845001, -28.481001 43.931, -28.483 44.022999, -28.455 44.096001, -28.436001 44.145, -28.434999 44.198002)",131,Eurasian:North American,Divergent Boundary,0.44531361878973924
"LINESTRING (-28.796 43.768002, -28.524 43.768002)",132,Eurasian:North American,Transform Boundary,0.27199935928297236
"LINESTRING (-29.174 43.080002, -29.091 43.208, -29.007999 43.389, -28.934 43.493, -28.885 43.627998, -28.84 43.698002, -28.796 43.768002)",133,Eurasian:North American,Divergent Boundary,0.7888320628469317
"LINESTRING (-29.316999 43.081001, -29.174 43.080002)",134,Eurasian:North American,Transform Boundary,0.1430031416442593
"LINESTRING (-126.626999 43.014, -127.570999 43.418999, -128.528 43.818001, -129.498001 44.208, -130.479996 44.589001)",135,Pacific:Juan de Fuca,Transform Boundary,4.1628411243648085
"LINESTRING (-29.372 42.723999, -29.349001 42.838001, -29.327 42.951, -29.316999 43.028, -29.316999 43.081001)",136,Eurasian:North American,Divergent Boundary,0.36206761615641764
"LINESTRING (-29.320999 42.715, -29.372 42.723999)",137,Eurasian:North American,Transform Boundary,0.051788419738012965
"LINESTRING (-29.434999 42.291, -29.392 42.412998, -29.370001 42.527, -29.339001 42.612999, -29.318001 42.674, -29.320999 42.715)",138,Eurasian:North American,Divergent Boundary,0.4424987437189203
"LINESTRING (-29.223 42.289001, -29.434999 42.291)",139,Eurasian:North American,Transform Boundary,0.2120093162782773
"LINESTRING (-29.261 41.929001, -29.242001 42.083, -29.245001 42.174999, -29.223 42.237, -29.223 42.289001)",140,Eurasian:North American,Divergent Boundary,0.3650050102745878
"LINESTRING (-29.162001 41.91, -29.261 41.929001)",141,Eurasian:North American,Transform Boundary,0.10080597681703936
"LINESTRING (-127.445999 41.555, -127.401001 41.639999, -127.240997 41.692001, -127.039001 42.356998, -126.626999 43.014)",142,Pacific:Juan de Fuca,Divergent Boundary,1.7349141200862763
"LINESTRING (-127.559998 41.589001, -127.445999 41.555)",143,Pacific:Juan de Fuca,Transform Boundary,0.11896077181258707
"LINESTRING (-29.322001 41.247002, -29.292 41.384998, -29.245001 41.52, -29.205999 41.682999, -29.200001 41.799999, -29.162001 41.91)",144,Eurasian:North American,Divergent Boundary,0.6853022100210823
"LINESTRING (-29.229 41.215, -29.322001 41.247002)",145,Eurasian:North American,Transform Boundary,0.0983522866852429
"LINESTRING (-127.717003 40.573002, -127.639 41.081001, -127.559998 41.589001)",146,Pacific:Juan de Fuca,Divergent Boundary,1.028058989577396
"LINESTRING (-29.346001 40.57, -29.299999 40.705002, -29.278 40.870998, -29.256001 40.985001, -29.242001 41.125999, -29.229 41.215)",147,Eurasian:North American,Divergent Boundary,0.6578151766054804
"LINESTRING (-29.559999 40.598999, -29.346001 40.57)",148,Eurasian:North American,Transform Boundary,0.21595472928351314
"LINESTRING (-127.579002 40.539001, -127.717003 40.573002)",149,Pacific:Juan de Fuca,Transform Boundary,0.1421272734515561
"LINESTRING (-127.579002 40.450001, -127.579002 40.539001)",150,Pacific:Juan de Fuca,Divergent Boundary,0.08900070212075661
"LINESTRING (-130.850006 51.612, -130.548004 51.397999, -130.212006 51.278, -129.981995 51.101002, -129.738007 50.835999, -129.460007 50.646999, -129.009995 50.479, -128.718994 50.310001, -128.414001 50.085999, -128.283005 49.884998, -128.029007 49.780998, -127.851997 49.491001, -127.818001 49.080002, -127.608002 48.876999, -127.377998 48.75, -127.017998 48.564999, -126.733002 48.291, -126.486 47.995998, -126.370003 47.748001, -126.084999 47.349998, -125.998001 46.970001, -125.875999 46.643002, -125.773003 46.294998, -125.654999 45.945999, -125.516998 45.473999, -125.434998 45.104, -125.436996 44.881001, -125.433998 44.724998, -125.375999 44.667, -125.372002 44.522999, -125.372002 44.323002, -125.362 44.066002, -125.429001 44.001999, -125.449997 43.924999, -125.480003 43.737, -125.473999 43.425999, -125.393997 43.266998, -125.343002 43.143002, -125.289001 43.050999, -125.289001 42.862, -125.267998 42.561001, -125.197998 42.492001, -125.209 42.359001, -125.290001 42.285, -125.331001 42.141998, -125.313004 41.986, -125.280998 41.818001, -125.308998 41.652, -125.181999 41.380001, -125.088997 41.134998, -124.932999 40.883999, -124.953003 40.632999, -124.784386 40.375345)",151,North America:Juan de Fuca,Convergent Boundary,14.06904848981583
"LINESTRING (-29.656 40.106998, -29.639999 40.208, -29.631001 40.285, -29.598 40.382999, -29.569 40.470001, -29.577 40.549, -29.559999 40.598999)",152,Eurasian:North American,Divergent Boundary,0.5071123129363668
"LINESTRING (-29.587999 40.105999, -29.656 40.106998)",153,Eurasian:North American,Transform Boundary,0.06800813747305931
"LINESTRING (-29.77 39.400002, -29.608999 39.993, -29.613001 40.033001, -29.58 40.078999, -29.587999 40.105999)",154,Eurasian:North American,Divergent Boundary,0.7394385336928055
"LINESTRING (-29.26 39.25, -29.188 39.278999, -29.146999 39.293999, -29.09 39.323002, -29.049 39.338001, -28.982 39.366001, -28.951 39.379002, -28.895 39.411999)",155,Eurasian:African,Transform Boundary,0.40011968283546834
"LINESTRING (-29.77 39.400002, -29.334999 39.314999, -29.297001 39.255001, -29.26 39.25)",156,Eurasian:African,Divergent Boundary,0.5515839089207912
"LINESTRING (-28.618999 39.120998, -28.566 39.130001, -28.483999 39.155998)",157,Eurasian:African,Transform Boundary,0.13978176662078728
"LINESTRING (-28.895 39.411999, -28.853001 39.373001, -28.781 39.299, -28.745001 39.263, -28.686001 39.214001, -28.666 39.179001, -28.618999 39.120998)",158,Eurasian:African,Divergent Boundary,0.4031329129202307
"LINESTRING (-28.292 38.938999, -28.215 38.952, -28.120001 38.967999, -28.059 38.983002, -27.955 39.004002)",159,Eurasian:African,Transform Boundary,0.34334436226457243
"LINESTRING (-28.483999 39.155998, -28.452 39.133999, -28.42 39.092999, -28.396 39.057999, -28.365 39.02, -28.341999 38.993, -28.292 38.938999)",160,Eurasian:African,Divergent Boundary,0.29138224612273866
"LINESTRING (41.000999 39.080002, 41.026001 38.848999)",161,Eurasian:Arabian,Transform Boundary,0.23235183046123872
"LINESTRING (-30.43 38.388, -30.171 38.888, -29.909 39.387001, -29.77 39.400002)",162,North American:African,Divergent Boundary,1.2663065088855485
"LINESTRING (-30.605 38.403, -30.43 38.388)",163,North American:African,Transform Boundary,0.17564086845622162
"LINESTRING (-26.83 38.278, -26.718 38.419998)",164,Eurasian:African,Other,0.18085188767907334
"LINESTRING (-27.955 39.004002, -27.792999 39, -27.722 38.942001, -27.68 38.914001, -27.606001 38.862999, -27.559 38.835999, -27.483999 38.782001, -27.239 38.779999, -27.202999 38.700001, -27.174 38.666, -27.129 38.606998, -27.09 38.570999, -27.028999 38.491001, -27.007 38.464001, -26.941 38.400002, -26.900999 38.360001, -26.83 38.278)",165,Eurasian:African,Divergent Boundary,1.437798340049235
"LINESTRING (-25.916 37.839001, -25.808001 37.877998)",166,Eurasian:African,Transform Boundary,0.11482497014766366
"LINESTRING (-26.718 38.419998, -26.646999 38.358002, -26.614 38.324001, -26.532 38.255001, -26.493999 38.222, -26.417 38.148998, -26.379 38.116001, -26.302 38.047001, -26.171 38.035999, -26.075001 37.965, -26.042999 37.936001, -25.916 37.839001)",167,Eurasian:African,Divergent Boundary,1.0128169510698672
"LINESTRING (-25.632999 37.722, -25.538 37.818001)",168,Eurasian:African,Other,0.13505924051539717
"LINESTRING (-25.808001 37.877998, -25.733999 37.816002, -25.698 37.790001, -25.632999 37.722)",169,Eurasian:African,Divergent Boundary,0.23501615543712362
"LINESTRING (-31.070999 37.68, -30.605 38.403)",170,North American:African,Divergent Boundary,0.8601651073987978
"LINESTRING (-31.371 37.705002, -31.070999 37.68)",171,North American:African,Transform Boundary,0.3010411314191447
"LINESTRING (-25.355 37.662998, -25.267 37.769001)",172,Eurasian:African,Other,0.13776966159762935
"LINESTRING (-25.538 37.818001, -25.464001 37.751999, -25.427 37.717999, -25.355 37.662998)",173,Eurasian:African,Divergent Boundary,0.24001150421487213
"LINESTRING (-25.267 37.769001, -25.101 37.646)",174,Eurasian:African,Divergent Boundary,0.20660443295621056
"LINESTRING (-25.101 37.646, -24.983 37.644001)",175,Eurasian:African,Transform Boundary,0.11801695969777488
"LINESTRING (-31.516001 37.282001, -31.371 37.705002)",176,North American:African,Divergent Boundary,0.4471626283909506
"LINESTRING (-32.283001 37.390999, -31.516001 37.282001)",177,North American:African,Transform Boundary,0.7747062192075089
"LINESTRING (-18.124001 37.466, -17.584 37.502998, -16.742001 37.435001, -15.842 37.297001, -15.387 37.212002)",178,Eurasian:African,Transform Boundary,2.759397532861033
"LINESTRING (-32.395 37.137001, -32.283001 37.390999)",179,North American:African,Divergent Boundary,0.2775946223179697
"LINESTRING (-32.646 37.175999, -32.395 37.137001)",180,North American:African,Transform Boundary,0.2540109067194849
"LINESTRING (41.026001 38.848999, 41.236 38.616001, 41.839001 38.355, 42.289001 38.213001, 42.797001 37.991001, 43.175999 37.685001, 43.646999 37.407001, 44.02 37.098)",181,Eurasian:Arabian,Other,3.5153936134455592
"LINESTRING (-32.708 37.033001, -32.646 37.175999)",182,North American:African,Divergent Boundary,0.1558601556728015
"LINESTRING (-32.943001 37.064999, -32.708 37.033001)",183,North American:African,Transform Boundary,0.2371690086813882
"LINESTRING (-19.681999 37.025002, -18.618 37.306999, -18.124001 37.466)",184,Eurasian:African,Other,1.619691964261812
"LINESTRING (-15.143 37.021, -14.411 37.209999, -13.675 37.395)",185,Eurasian:African,Other,1.514900146829788
"LINESTRING (-15.387 37.212002, -15.143 37.021)",186,Eurasian:African,Divergent Boundary,0.3098676090660714
"LINESTRING (-33.005001 36.916, -32.943001 37.064999)",187,North American:African,Divergent Boundary,0.16138313284974193
"LINESTRING (-33.224998 36.941002, -33.005001 36.916)",188,North American:African,Transform Boundary,0.22141349261875443
"LINESTRING (-24.254999 36.780998, -24.146 36.789001)",189,Eurasian:African,Transform Boundary,0.10929267455335612
"LINESTRING (-24.983 37.644001, -24.931 37.609001, -24.892 37.584, -24.844999 37.551998, -24.816 37.533001, -24.775 37.5, -24.733 37.466999, -24.667 37.410999, -24.702 37.352001, -24.738001 37.272999, -24.75 37.216999, -24.681 37.126999, -24.635 37.095001, -24.554001 37.016998, -24.5 36.971001, -24.434 36.91, -24.385 36.862999, -24.311001 36.792, -24.254999 36.780998)",190,Eurasian:African,Divergent Boundary,1.276047143429192
"LINESTRING (36.466 36.73, 36.790001 37.397999)",191,African:Arabian,Transform Boundary,0.7424283613250232
"LINESTRING (-33.313 36.691002, -33.224998 36.941002)",192,North American:African,Divergent Boundary,0.2650362616521216
"LINESTRING (-33.595001 36.742001, -33.313 36.691002)",193,North American:African,Transform Boundary,0.28657583613407994
"LINESTRING (-23.57 36.646, -22.893 36.702, -22.216 36.754002, -21.507 36.82, -20.797001 36.881001, -20.24 36.953999, -19.681999 37.025002)",194,Eurasian:African,Transform Boundary,3.9072499766026407
"LINESTRING (-24.146 36.789001, -24.046 36.755001, -23.57 36.646)",195,Eurasian:African,Divergent Boundary,0.5939431425276226
"LINESTRING (-33.771999 36.185001, -33.595001 36.742001)",196,North American:African,Divergent Boundary,0.5844454267322288
"LINESTRING (-33.981998 36.221001, -33.771999 36.185001)",197,North American:African,Transform Boundary,0.213062350128864
"LINESTRING (-34.056999 36.070999, -33.981998 36.221001)",198,North American:African,Divergent Boundary,0.16770680446545552
"LINESTRING (-34.141998 36.078999, -34.056999 36.070999)",199,North American:African,Transform Boundary,0.08537467439023334
"LINESTRING (-9.977 36.651001, -9.545 36.43, -9.022311 36.169542, -8.880292 36.098621, -8.484614 35.838622, -8.233326 35.900871, -8.003888 36.034096, -7.763525 36.131651, -7.359277 36.299866, -7.118914 36.361748, -6.900402 36.388253)",200,Eurasian:African,Transform Boundary,3.3912013323622254
"LINESTRING (36.412998 36.022999, 36.389 36.259998, 36.466 36.73)",201,African:Arabian,Divergent Boundary,0.7144782617710903
"LINESTRING (-11.585 35.851002, -10.923 36.098, -10.429 36.391998, -9.977 36.651001)",202,Eurasian:African,Other,1.8023912956556094
"LINESTRING (-13.675 37.395, -12.903 36.863998, -12.142 36.327999, -11.585 35.851002)",203,Eurasian:African,Transform Boundary,2.6011350770458948
"LINESTRING (-34.334999 35.616001, -34.141998 36.078999)",204,North American:African,Divergent Boundary,0.501613329837514
"LINESTRING (-34.459 35.625, -34.334999 35.616001)",205,North American:African,Transform Boundary,0.12432664970295568
"LINESTRING (138.673996 35.034, 139.233994 35.014)",206,North American:Philippine,Other,0.5603546057645582
"LINESTRING (-34.745998 35.009998, -34.459 35.625)",207,North American:African,Divergent Boundary,0.678671751094225
"LINESTRING (-36.373001 35.279999, -35.557999 35.147999, -34.745998 35.009998)",208,North American:African,Transform Boundary,1.6492662569564707
"LINESTRING (139.233994 35.014, 139.429001 34.860001)",209,North American:Philippine,Transform Boundary,0.24848269518467658
"LINESTRING (139.429001 34.860001, 139.923004 34.713001)",210,North American:Philippine,Other,0.5154105812084466
"LINESTRING (-36.623001 34.693001, -36.373001 35.279999)",211,North American:African,Divergent Boundary,0.6380177398138783
"LINESTRING (-36.785 34.712002, -36.623001 34.693001)",212,North American:African,Transform Boundary,0.1631092660942027
"LINESTRING (44.02 37.098, 44.356998 36.571999)",213,Eurasian:Arabian,Transform Boundary,0.6246956620390007
"LINESTRING (-36.862 34.554001, -36.785 34.712002)",214,North American:African,Divergent Boundary,0.17576474995812785
"LINESTRING (-37.046001 34.567001, -36.862 34.554001)",215,North American:African,Transform Boundary,0.18446061902069025
"LINESTRING (139.923004 34.713001, 140.440002 34.631001, 140.869995 34.528999)",216,North American:Philippine,Other,0.9653862076545059
"LINESTRING (140.869995 34.528999, 141.104004 34.438999)",217,North American:Philippine,Transform Boundary,0.25071924713373206
"LINESTRING (29.731001 35.426998, 30.221001 35.153999, 30.792999 34.991001, 31.256001 34.826, 31.74 34.633999, 32.172001 34.487, 32.78957 34.329292)",218,Eurasian:African,Convergent Boundary,3.261615936573081
"LINESTRING (141.882996 34.213001, 141.992004 34.666, 142.029007 34.889, 142.090491 35.049029, 142.169998 35.216999, 142.220993 35.333, 142.324997 35.502998, 142.447498 35.685691, 142.530799 35.858244, 142.606003 36.000999, 142.681 36.063999, 142.780704 36.15575, 142.886993 36.264, 143.000858 36.393754, 143.13771 36.542507, 143.262663 36.673409, 143.408005 36.860001, 143.518005 37.058998, 143.636993 37.290001, 143.742996 37.479, 143.843002 37.709999, 143.946925 37.940783, 143.988831 38.176463, 144.015371 38.344817, 144.042065 38.51306, 144.080849 38.688405, 144.131379 38.898751, 144.161129 39.130805, 144.203003 39.374001, 144.235992 39.556999, 144.225006 39.766998, 144.253998 39.928001, 144.283005 40.067001, 144.328003 40.202999, 144.399002 40.367001, 144.479004 40.549, 144.592866 40.783499, 144.738825 40.985621, 145.096662 41.294406, 145.501215 41.553201, 145.876022 41.734655, 146.451922 41.969007, 146.981481 42.212962, 147.564592 42.546168, 148.480909 43.105479, 149.323647 43.656282, 150.339005 44.187, 150.876999 44.446999, 151.419006 44.703999, 152.299906 45.115195, 152.972961 45.492991, 153.528 45.896999, 154.195007 46.439999, 154.664001 46.853001, 155.141006 47.263, 155.742004 47.724998, 156.352997 48.182999, 157.024002 48.659, 157.675814 49.09134, 158.281057 49.429214, 158.726088 49.764763, 159.03761 49.983347, 159.447039 50.366326, 159.936573 50.797018, 160.744895 51.538688, 161.453225 52.105376, 161.879868 52.51389, 162.227495 52.830513, 162.490264 53.14472, 163.020202 53.724964, 163.448826 54.315795, 163.741387 54.773677, 164.065994 55.209)",219,North American:Pacific,Convergent Boundary,31.78428972575601
"LINESTRING (141.104004 34.438999, 141.440994 34.355999, 141.882996 34.213001)",220,North American:Philippine,Other,0.8116186378583805
"LINESTRING (18.921516 37.448548, 19.096956 36.676612, 19.354268 35.670756, 20.184684 34.816948, 21.506331 34.302324, 22.827979 34.02162, 23.807511 33.799232, 25.061915 33.752612, 26.168371 33.996033)",221,Eurasian:African,Convergent Boundary,9.182987636553888
"LINESTRING (-37.244999 34.124001, -37.046001 34.567001)",222,North American:African,Divergent Boundary,0.4856436009728573
"LINESTRING (-37.335999 34.136002, -37.244999 34.124001)",223,North American:African,Transform Boundary,0.09178754052089938
"LINESTRING (-37.533001 33.705002, -37.335999 34.136002)",224,North American:African,Divergent Boundary,0.47388895278863746
"LINESTRING (-37.678001 33.736, -37.533001 33.705002)",225,North American:African,Transform Boundary,0.14827684622728987
"LINESTRING (-37.798 33.500999, -37.678001 33.736)",226,North American:African,Divergent Boundary,0.2638655543583395
"LINESTRING (-39.398998 33.768002, -38.597 33.637001, -37.798 33.500999)",227,North American:African,Transform Boundary,1.623118579789622
"LINESTRING (-39.585999 33.067001, -39.398998 33.768002)",228,North American:African,Divergent Boundary,0.7255138884260567
"LINESTRING (-39.700001 33.084, -39.585999 33.067001)",229,North American:African,Transform Boundary,0.11526252616265617
"LINESTRING (36.412998 36.022999, 36.431 35.751999, 36.396 35.285, 36.325001 34.481998, 36.023998 34.096001, 35.726002 33.709999, 35.647999 33.231998, 35.570999 32.755001)",230,African:Arabian,Other,3.4906683528494726
"LINESTRING (35.570999 32.755001, 35.470001 32.004002)",231,African:Arabian,Transform Boundary,0.7577603555319394
"LINESTRING (-40.553001 31.802, -40.129002 32.444, -39.700001 33.084)",232,North American:African,Divergent Boundary,1.5398574058385075
"LINESTRING (-40.709999 31.816999, -40.553001 31.802)",233,North American:African,Transform Boundary,0.15771256635805195
"LINESTRING (35.470001 32.004002, 35.308998 31.382999)",234,African:Arabian,Other,0.6415338886966462
"LINESTRING (-41.183998 31.194, -40.709999 31.816999)",235,North American:African,Divergent Boundary,0.7828173902789929
"LINESTRING (-41.43 31.237, -41.183998 31.194)",236,North American:African,Transform Boundary,0.24973189251265737
"LINESTRING (-114.117996 31.356001, -114.330002 31.194, -114.439003 31.097)",237,North American:Pacific,Divergent Boundary,0.41272753331681133
"LINESTRING (132.824005 30.754, 132.964996 30.969999, 133.197006 31.216, 133.5 31.514999, 134.042007 31.882, 134.690994 32.200001, 135.026001 32.326, 135.356003 32.459999, 135.612 32.536999, 136.024994 32.686001, 136.524002 32.868, 137.029999 33.053001, 137.546005 33.404999, 138.065994 33.75, 138.382996 34.058998, 138.507996 34.582001, 138.673996 35.034)",238,Eurasian:Philippine,Convergent Boundary,7.600034925438073
"LINESTRING (-114.439003 31.097, -114.303001 30.912001, -114.128998 30.68, -113.986 30.513, -113.806999 30.313)",239,North American:Pacific,Transform Boundary,1.0078766127913497
"LINESTRING (-113.806999 30.313, -114.041 30.121)",240,North American:Pacific,Divergent Boundary,0.30268849624868943
"LINESTRING (-114.041 30.121, -113.908997 29.982)",241,North American:Pacific,Transform Boundary,0.19169241483382277
"LINESTRING (-42.136002 29.973, -41.785999 30.606001, -41.43 31.237)",242,North American:African,Divergent Boundary,1.4478163710555254
"LINESTRING (-42.729 30.07, -42.136002 29.973)",243,North American:African,Transform Boundary,0.6008795642569169
"LINESTRING (-113.908997 29.982, -113.758003 29.834)",244,North American:Pacific,Transform Boundary,0.21143132034920195
"LINESTRING (-113.758003 29.834, -113.870003 29.73)",245,North American:Pacific,Divergent Boundary,0.152839489362093
"LINESTRING (-113.870003 29.73, -113.969002 29.646)",246,North American:Pacific,Divergent Boundary,0.1298335283775295
"LINESTRING (-43.036999 29.471001, -42.729 30.07)",247,North American:African,Divergent Boundary,0.6735451009669707
"LINESTRING (-43.088001 29.469, -43.036999 29.471001)",248,North American:African,Transform Boundary,0.05104173336715182
"LINESTRING (-113.969002 29.646, -113.775002 29.440001, -113.521004 29.205, -113.280998 29.007999)",249,North American:Pacific,Transform Boundary,0.9395071544916338
"LINESTRING (-113.280998 29.007999, -113.338997 28.950001)",250,North American:Pacific,Divergent Boundary,0.08202248727570675
"LINESTRING (-43.483002 28.802, -43.088001 29.469)",251,North American:African,Divergent Boundary,0.775186504671371
"LINESTRING (-43.563 28.811001, -43.483002 28.802)",252,North American:African,Transform Boundary,0.08050277400402721
"LINESTRING (-113.338997 28.950001, -113.086998 28.715, -112.811996 28.499001, -112.588997 28.322001, -112.320999 28.125)",253,North American:Pacific,Transform Boundary,1.3115787511840131
"LINESTRING (-43.942001 28.105, -43.563 28.811001)",254,North American:African,Divergent Boundary,0.8012989676345448
"LINESTRING (-44.021999 28.107, -43.942001 28.105)",255,North American:African,Transform Boundary,0.08002303323303266
"LINESTRING (34.257 27.885, 34.546668 28.338653, 34.710957 28.826434, 34.80057 29.364264, 34.952 30, 35.141998 30.702, 35.308998 31.382999)",256,African:Arabian,Transform Boundary,3.68015184060677
"LINESTRING (-112.320999 28.125, -112.014999 27.906, -111.710999 27.694, -111.505997 27.57, -111.382004 27.497)",257,North American:Pacific,Transform Boundary,1.1303883357981488
"LINESTRING (-44.382999 27.236, -44.202999 27.671, -44.021999 28.107)",258,North American:African,Divergent Boundary,0.9428482601896445
"LINESTRING (-44.506001 27.254, -44.382999 27.236)",259,North American:African,Transform Boundary,0.12431113199343666
"LINESTRING (-111.382004 27.497, -111.569 27.215)",260,North American:Pacific,Divergent Boundary,0.33836584267715125
"LINESTRING (-111.569 27.215, -111.373001 27.105)",261,North American:Pacific,Transform Boundary,0.22475720044193406
"LINESTRING (-111.373001 27.105, -111.505997 26.927)",262,North American:Pacific,Divergent Boundary,0.22219732625130825
"LINESTRING (-111.505997 26.927, -111.227997 26.723, -110.957001 26.535, -110.758003 26.416, -110.68 26.361)",263,North American:Pacific,Transform Boundary,1.0019488980134612
"LINESTRING (-44.867001 26.280001, -44.687 26.767, -44.506001 27.254)",264,North American:African,Divergent Boundary,1.0387473326173915
"LINESTRING (-44.816002 26.27, -44.867001 26.280001)",265,North American:African,Transform Boundary,0.05196990231189812
"LINESTRING (-110.68 26.361, -110.778 26.225)",266,North American:Pacific,Divergent Boundary,0.16763003661353457
"LINESTRING (-44.898998 26.055, -44.816002 26.27)",267,North American:African,Divergent Boundary,0.23046358244150913
"LINESTRING (-45.091999 26.080999, -44.898998 26.055)",268,North American:African,Transform Boundary,0.19474408334655424
"LINESTRING (57.056999 26.049, 56.992001 26.545)",269,Eurasian:Arabian,Transform Boundary,0.5002410503286264
"LINESTRING (-110.778 26.225, -110.571999 26.066, -110.291 25.889, -110.024002 25.705999, -109.872002 25.607, -109.806 25.556999)",270,North American:Pacific,Transform Boundary,1.180217623582093
"LINESTRING (-109.806 25.556999, -110.007004 25.339001)",271,North American:Pacific,Divergent Boundary,0.2965231306252362
"LINESTRING (-45.499001 25.191999, -45.296001 25.636999, -45.091999 26.080999)",272,North American:African,Divergent Boundary,0.9777386530844847
"LINESTRING (-45.792 25.254, -45.499001 25.191999)",273,North American:African,Transform Boundary,0.29948723741425437
"LINESTRING (-110.007004 25.339001, -109.788002 25.18, -109.591003 25.016001, -109.349998 24.857, -109.178001 24.735001, -109.061996 24.658001)",274,North American:Pacific,Transform Boundary,1.1657976781427308
"LINESTRING (-46.118999 24.59, -45.792 25.254)",275,North American:African,Divergent Boundary,0.7401514661655487
"LINESTRING (-46.195999 24.597, -46.118999 24.59)",276,North American:African,Transform Boundary,0.07731719062624044
"LINESTRING (57.832001 24.443001, 57.345001 24.788, 57.120998 25.552, 57.056999 26.049)",277,Eurasian:Arabian,Other,1.8940840583102596
"LINESTRING (-109.061996 24.658001, -109.276001 24.396)",278,North American:Pacific,Divergent Boundary,0.3382934775035642
"LINESTRING (143.522003 24.391001, 143.334064 24.672037, 143.215062 24.927892, 143.155561 25.618105, 143.231003 26.329, 143.259995 26.737, 143.275033 27.465895, 143.272679 27.972273, 143.123661 28.480417, 142.824239 28.97914, 142.580975 29.568219, 142.473007 30.128, 142.310645 30.485295, 142.204732 30.89003, 142.158997 31.315001, 142.098999 31.983, 142.02504 32.555933, 142.03099 33.002191, 142.013139 33.269946, 141.917938 33.543651, 141.870337 33.817357, 141.882996 34.213001)",279,Pacific:Philippine,Convergent Boundary,10.155777030639957
"LINESTRING (-46.476002 23.917, -46.195999 24.597)",280,North American:African,Divergent Boundary,0.7353923217055831
"LINESTRING (-44.924 23.646, -45.699001 23.784, -46.476002 23.917)",281,North American:African,Transform Boundary,1.5754931887390056
"LINESTRING (-109.276001 24.396, -109.001999 24.152, -108.806 23.983999, -108.610001 23.813999, -108.439003 23.674, -108.357002 23.614)",282,North American:Pacific,Transform Boundary,1.2071014551677532
"LINESTRING (125.550003 23.379999, 125.954002 23.497999, 126.426003 23.761, 126.901001 24.101, 127.384694 24.539837, 127.906998 24.969, 128.30239 25.218428, 128.730449 25.496936, 129.024526 25.788109, 129.360001 26.191, 129.83601 26.610309, 130.007426 26.840623, 130.215008 27.092891, 130.410495 27.387226, 130.522995 27.709, 130.705442 28.090125, 130.907772 28.254592, 131.24408 28.452857, 131.423461 28.637298, 131.591367 28.821243, 131.796728 29.005265, 131.952692 29.284547, 132.059873 29.605785, 132.230604 29.83115, 132.340139 30.066511, 132.438042 30.269636, 132.630005 30.493, 132.824005 30.754)",283,Eurasian:Philippine,Convergent Boundary,10.634956718149366
"LINESTRING (123.972795 23.298919, 124.484254 23.264743, 125.012805 23.294695, 125.550003 23.379999)",284,Eurasian:Philippine,Convergent Boundary,1.5859272056593148
"LINESTRING (-108.357002 23.614, -108.651001 23.240999)",285,North American:Pacific,Divergent Boundary,0.47493690723769494
"LINESTRING (-108.651001 23.240999, -108.388 23.082001, -108.010002 22.986)",286,North American:Pacific,Transform Boundary,0.6973253911260017
"LINESTRING (-45.023998 22.962999, -44.924 23.646)",287,North American:African,Divergent Boundary,0.6902821639541015
"LINESTRING (-45.066002 22.973, -45.023998 22.962999)",288,North American:African,Transform Boundary,0.04317765244900401
"LINESTRING (62.132 22.083, 62.501999 22.385, 62.876999 22.683001, 63.631001 23.201, 64.275002 23.694, 64.651001 24.038, 65.028 24.382)",289,Indian:Arabian,Transform Boundary,3.702396013191313
"LINESTRING (-108.676003 21.959999, -108.588997 22.101999, -108.515999 22.201, -108.527 22.277, -108.406998 22.440001, -108.273003 22.613001, -108.232002 22.712, -108.010002 22.986)",290,Pacific:Cocos,Divergent Boundary,1.2473654461421821
"LINESTRING (-108.582001 21.905001, -108.676003 21.959999)",291,Pacific:Cocos,Transform Boundary,0.10890893673901969
"LINESTRING (-45.248001 21.806, -45.157001 22.389999, -45.066002 22.973)",292,North American:African,Divergent Boundary,1.181106391057959
"LINESTRING (-45.384998 21.822001, -45.248001 21.806)",293,North American:African,Transform Boundary,0.137928470673613
"LINESTRING (121.334999 24.962999, 120.981003 24.653999, 120.545998 23.979, 120.360001 23.198, 120.393997 22.580999, 120.425003 22.042999, 120.452003 21.632)",294,Philippine:Sunda,Other,3.644472362033651
"LINESTRING (62.096001 21.424999, 62.132 22.083)",295,Indian:Arabian,Other,0.6589849726798531
"LINESTRING (-108.582001 21.905001, -108.668999 21.774, -108.783997 21.643, -108.867996 21.535999, -108.935997 21.451, -108.976997 21.347)",296,Pacific:Cocos,Divergent Boundary,0.6882480822318623
"LINESTRING (-108.976997 21.347, -108.808998 21.253)",297,Pacific:Cocos,Transform Boundary,0.19250903376813927
"LINESTRING (-45.514999 21.247, -45.384998 21.822001)",298,North American:African,Divergent Boundary,0.5895134895047277
"LINESTRING (-45.418999 21.222, -45.514999 21.247)",299,North American:African,Transform Boundary,0.09920236821408147
"LINESTRING (-45.556999 20.596001, -45.418999 21.222)",300,North American:African,Divergent Boundary,0.6410299898659622
"LINESTRING (-45.773998 20.618, -45.556999 20.596001)",301,North American:African,Transform Boundary,0.21811135077870575
"LINESTRING (-108.808998 21.253, -108.915001 21.068001, -109.013 20.948999, -109.111 20.823999, -109.194 20.739, -109.261002 20.643, -109.285004 20.558001)",302,Pacific:Cocos,Divergent Boundary,0.8504071827144077
"LINESTRING (-109.285004 20.558001, -109.186996 20.5)",303,Pacific:Cocos,Transform Boundary,0.11388361235871848
"LINESTRING (-71.277 20.201, -71.804001 20.267, -72.332001 20.330999, -73.238998 20.291)",304,North American:Caribbean,Transform Boundary,1.970860833275641
"LINESTRING (-109.186996 20.5, -109.214996 20.396999, -109.319 20.242001, -109.377998 20.176001, -109.373001 20.142, -109.449997 20.027)",305,Pacific:Cocos,Divergent Boundary,0.5546838971615317
"LINESTRING (-70.626999 20.002001, -71.277 20.201)",306,North American:Caribbean,Other,0.6797813962055018
"LINESTRING (-73.238998 20.291, -73.994003 20.166, -74.749001 20.037001, -75.238998 19.99, -75.728996 19.941999, -76.356003 19.844999)",307,North American:Caribbean,Transform Boundary,3.1502765295997133
"LINESTRING (60.970001 19.813, 61.23 20.23, 61.492001 20.643999, 61.848 21.125999, 62.096001 21.424999)",308,Indian:Arabian,Transform Boundary,1.9690345154930298
"LINESTRING (-69.977997 19.802, -70.626999 20.002001)",309,North American:Caribbean,Other,0.6791200178071051
"LINESTRING (-45.939999 19.802, -45.773998 20.618)",310,North American:African,Divergent Boundary,0.832713694844123
"LINESTRING (-46.000999 19.823, -45.939999 19.802)",311,North American:African,Transform Boundary,0.0645143137172794
"LINESTRING (-69.415001 19.695999, -69.977997 19.802)",312,North American:Caribbean,Other,0.5728879355454994
"LINESTRING (-109.449997 20.027, -109.160004 19.806, -108.903 19.625)",313,Pacific:Cocos,Transform Boundary,0.6789493512797485
"LINESTRING (-63.360001 19.691, -63.759998 19.724001, -64.344002 19.778999, -65.128998 19.833, -65.694 19.829, -66.259003 19.825001, -67.040001 19.754, -67.530998 19.721001, -68.022003 19.687, -68.852997 19.589001, -69.415001 19.695999)",314,North American:Caribbean,Other,6.082184575828611
"LINESTRING (-108.903 19.625, -108.896004 19.549999)",315,Pacific:Cocos,Divergent Boundary,0.07532636033634514
"LINESTRING (-108.896004 19.549999, -108.533997 19.384001, -108.197998 19.223)",316,Pacific:Cocos,Transform Boundary,0.7708327386020681
"LINESTRING (-108.197998 19.223, -108.233002 19.107)",317,Pacific:Cocos,Divergent Boundary,0.12116548916258399
"LINESTRING (-61.376779 19.042188, -61.792851 19.209502, -62.847 19.573999, -63.360001 19.691)",318,North American:Caribbean,Other,2.090013363430172
"LINESTRING (-46.183998 18.931999, -46.092999 19.377001, -46.000999 19.823)",319,North American:African,Divergent Boundary,0.9095996079970701
"LINESTRING (-46.223999 18.934999, -46.183998 18.931999)",320,North American:African,Transform Boundary,0.04011327464588011
"LINESTRING (-76.356003 19.844999, -76.983002 19.747, -77.672997 19.622999, -78.361 19.497, -79.011002 19.382, -79.660004 19.264, -80.209999 19.16, -80.758003 19.054001, -81.255997 18.959999, -81.753998 18.865)",321,North American:Caribbean,Transform Boundary,5.486516522640708
"LINESTRING (-106.889999 21.799, -106.862 21.716, -106.807999 21.639999, -106.757004 21.483, -106.624001 21.311001, -106.551003 21.236, -106.525002 21.184, -106.442001 21.121, -106.380997 20.84, -106.387001 20.638, -106.385002 20.427999, -106.351997 20.202999, -106.271004 19.916, -106.121002 19.643999, -105.948997 19.402, -105.738998 19.164, -105.545998 18.981001, -105.247002 18.761999)",322,North American:Cocos,Convergent Boundary,3.617097146883906
"LINESTRING (-108.233002 19.107, -107.816002 18.936001, -107.523003 18.863001, -107.272003 18.756001, -107.001999 18.646999, -106.755997 18.59, -106.527 18.544001, -106.244003 18.52)",323,Pacific:Cocos,Transform Boundary,2.086789352214346
"LINESTRING (-46.318001 18.421, -46.223999 18.934999)",324,North American:African,Divergent Boundary,0.5225248986268686
"LINESTRING (-46.390999 18.422001, -46.318001 18.421)",325,North American:African,Transform Boundary,0.07300491471657644
"LINESTRING (-106.244003 18.52, -106.280998 18.281, -106.310997 18.120001, -106.318001 18.016001, -106.307999 17.929001)",326,Pacific:Cocos,Divergent Boundary,0.5974254893947586
"LINESTRING (-106.307999 17.929001, -105.585999 17.881001)",327,Pacific:Cocos,Transform Boundary,0.7235939526192726
"LINESTRING (-81.753998 18.865, -81.689003 18.333, -81.625 17.802)",328,North American:Caribbean,Divergent Boundary,1.0707985783677725
"LINESTRING (-46.52 17.587999, -46.390999 18.422001)",329,North American:African,Divergent Boundary,0.8439194203228064
"LINESTRING (-46.407001 17.566, -46.52 17.587999)",330,North American:African,Transform Boundary,0.1151205340682861
"LINESTRING (-46.589001 16.607, -46.498001 17.087, -46.407001 17.566)",331,North American:African,Divergent Boundary,0.9761168181975752
"LINESTRING (-46.528999 16.587, -46.589001 16.607)",332,North American:African,Transform Boundary,0.06324700034076117
"LINESTRING (-81.625 17.802, -82.244003 17.691, -82.864998 17.625999, -83.706001 17.481001, -84.248001 17.344, -84.910004 17.107, -85.670998 16.910999, -86.32 16.694, -86.966003 16.476)",333,North American:Caribbean,Transform Boundary,5.520813401903231
"LINESTRING (34.257 27.885, 34.547001 27.261999, 34.875 26.808001, 35.200001 26.353001, 35.546001 25.919001, 35.889 25.483999, 36.066002 25.055, 36.242001 24.625999, 36.407001 24.132999, 36.696754 23.619959, 37.042 23.226, 37.380961 22.904624, 37.651043 22.553875, 37.813092 22.135138, 37.867109 21.597315, 37.974998 21.021, 38.209213 20.379854, 38.479294 19.937781, 38.929431 19.511527, 39.415578 19.084133, 39.811698 18.501085, 40.207818 17.933257, 40.67596 17.190593, 41.126097 16.635942, 41.486206 16.027429, 41.82831 15.574167, 42.098392 15.049914, 42.268259 14.525142, 42.29813 14.073652, 42.507225 13.67968, 43.044899 13.124073, 43.253994 12.655201, 43.672185 12.082586)",334,African:Arabian,Divergent Boundary,18.729471258730317
"LINESTRING (60.970001 19.813, 60.712002 19.306, 60.456001 18.798, 60.215 18.24, 60.062 17.458, 60.02 16.712999, 59.964001 16.142, 59.909 15.572)",335,Indian:Arabian,Other,4.4349455392017045
"LINESTRING (-46.765999 15.451, -46.647999 16.018999, -46.528999 16.587)",336,North American:African,Divergent Boundary,1.1604589603560855
"LINESTRING (-46.765999 15.451, -45.946999 15.36, -45.130001 15.267)",337,African:South American,Transform Boundary,1.6463139433177942
"LINESTRING (-105.32 15.108, -104.690002 15.274)",338,Pacific:Cocos,Transform Boundary,0.6515003153749058
"LINESTRING (-105.585999 17.881001, -105.399002 17.768, -105.366997 17.031, -105.398003 16.26, -105.357002 15.558, -105.32 15.108)",339,Pacific:Cocos,Divergent Boundary,2.8825204082651927
"LINESTRING (59.909 15.572, 59.641998 15.242, 59.41 14.895)",340,Indian:Arabian,Transform Boundary,0.8418987248045993
"LINESTRING (59.41 14.895, 59.034 15.088)",341,Indian:Arabian,Divergent Boundary,0.4226399470386618
"LINESTRING (55.108002 14.851, 55.047001 14.712)",342,African:Arabian,Transform Boundary,0.15179619114993678
"LINESTRING (55.047001 14.712, 54.958 14.727, 54.730999 14.801, 54.549 14.87)",343,African:Arabian,Divergent Boundary,0.523654127975573
"LINESTRING (59.034 15.088, 58.589001 14.646)",344,Indian:Arabian,Transform Boundary,0.6272073599800835
"LINESTRING (58.589001 14.646, 58.213001 14.916)",345,Indian:Arabian,Divergent Boundary,0.4628993781324804
"LINESTRING (54.549 14.87, 54.511002 14.76, 54.451 14.621)",346,African:Arabian,Transform Boundary,0.2677750975384485
"LINESTRING (54.451 14.621, 54.387001 14.64, 54.332001 14.671, 54.286999 14.681, 54.249001 14.691, 54.193001 14.71, 54.148998 14.733, 54.069 14.772)",347,African:Arabian,Divergent Boundary,0.4130709906806416
"LINESTRING (56.264999 14.623, 56.208 14.643, 56.179001 14.621, 56.056999 14.641, 55.821999 14.692, 55.667999 14.722, 55.631001 14.681, 55.48 14.729, 55.278 14.788, 55.108002 14.851)",348,African:Arabian,Divergent Boundary,1.223209771290549
"LINESTRING (58.213001 14.916, 57.984001 14.599)",349,Indian:Arabian,Transform Boundary,0.3910630240358465
"LINESTRING (57.984001 14.599, 57.476002 14.662, 57.000999 14.66, 56.264999 14.623)",350,Indian:Arabian,Divergent Boundary,1.7238269661757664
"LINESTRING (52.737 14.681, 52.667 14.561)",351,African:Arabian,Transform Boundary,0.1389241868542098
"LINESTRING (52.667 14.561, 52.547001 14.597, 52.299 14.663, 52.139 14.689)",352,African:Arabian,Divergent Boundary,0.5440144062378443
"LINESTRING (53.220001 14.562, 53.210999 14.538)",353,African:Arabian,Transform Boundary,0.02563311159463231
"LINESTRING (53.210999 14.538, 53.122002 14.559, 52.907001 14.622, 52.737 14.681)",354,African:Arabian,Divergent Boundary,0.4954302584960966
"LINESTRING (54.069 14.772, 54.018002 14.657, 53.929001 14.489, 53.862 14.351)",355,African:Arabian,Transform Boundary,0.46932534585189856
"LINESTRING (53.862 14.351, 53.818001 14.361, 53.578999 14.441, 53.358002 14.512, 53.220001 14.562)",356,African:Arabian,Divergent Boundary,0.6760579464685761
"LINESTRING (56.819 14.302, 56.264999 14.623)",357,African:Indian,Divergent Boundary,0.6402796343183262
"LINESTRING (56.762001 14.208, 56.819 14.302)",358,African:Indian,Other,0.1099312681142976
"LINESTRING (57.036999 14.068, 56.903 14.141, 56.762001 14.208)",359,African:Indian,Divergent Boundary,0.30870127603478814
"LINESTRING (56.969002 13.937, 57.036999 14.068)",360,African:Indian,Other,0.1475956476805114
"LINESTRING (57.299 13.772, 57.139999 13.848, 56.969002 13.937)",361,African:Indian,Divergent Boundary,0.3690026947961751
"LINESTRING (57.300999 13.74, 57.299 13.772)",362,African:Indian,Transform Boundary,0.03206291082071121
"LINESTRING (57.810001 13.451, 57.688999 13.523, 57.478001 13.643, 57.300999 13.74)",363,African:Indian,Divergent Boundary,0.5853764285213334
"LINESTRING (50.660999 13.362, 50.573002 13.218)",364,African:Arabian,Transform Boundary,0.16875889416264347
"LINESTRING (50.573002 13.218, 50.429001 13.273, 50.310001 13.313)",365,African:Arabian,Divergent Boundary,0.2796890616074327
"LINESTRING (57.639 13.138, 57.733002 13.309, 57.810001 13.451)",366,African:Indian,Other,0.35666785450246963
"LINESTRING (50.310001 13.313, 50.251999 13.229, 50.167 13.123)",367,African:Arabian,Transform Boundary,0.23795015219172114
"LINESTRING (50.167 13.123, 50.061001 13.167, 49.848999 13.251, 49.68 13.313)",368,African:Arabian,Divergent Boundary,0.5228177044901801
"LINESTRING (52.139 14.689, 51.939999 14.353, 51.763 14.028, 51.57 13.667, 51.449001 13.458, 51.342999 13.272, 51.252998 13.122)",369,African:Arabian,Transform Boundary,1.8004480307016415
"LINESTRING (51.252998 13.122, 51.078999 13.192, 50.841999 13.279, 50.660999 13.362)",370,African:Arabian,Divergent Boundary,0.6391389992642543
"LINESTRING (49.68 13.313, 49.592999 13.169, 49.472 13.008)",371,African:Arabian,Transform Boundary,0.36964044191545564
"LINESTRING (49.472 13.008, 49.43 13.042)",372,African:Arabian,Divergent Boundary,0.054036531506855306
"LINESTRING (49.43 13.042, 49.348999 12.897, 49.278 12.802)",373,African:Arabian,Transform Boundary,0.28469040022668457
"LINESTRING (49.278 12.802, 49.07 12.853, 48.882 12.908)",374,African:Arabian,Divergent Boundary,0.41004113393798086
"LINESTRING (48.882 12.908, 48.803001 12.77)",375,African:Arabian,Transform Boundary,0.15901146187236262
"LINESTRING (58.238998 12.745, 57.868 13.002, 57.639 13.138)",376,African:Indian,Divergent Boundary,0.7176588622500903
"LINESTRING (-45.130001 15.267, -45.136002 14.647, -45.141998 14.026, -45.061001 13.992, -45.049 13.336, -45.036999 12.68)",377,African:South American,Divergent Boundary,2.6411212936439514
"LINESTRING (48.803001 12.77, 48.699001 12.658, 48.567001 12.691, 48.448002 12.729)",378,African:Arabian,Divergent Boundary,0.41382215598055466
"LINESTRING (-45.036999 12.68, -44.262001 12.626)",379,African:South American,Transform Boundary,0.7768767225936934
"LINESTRING (-105.247002 18.74485, -105.042999 18.604836, -104.724998 18.35081, -104.405998 18.191794, -104.191002 18.120788, -103.792 17.902766, -103.199997 17.597736, -102.431999 17.262705, -101.703003 17.008679, -100.866997 16.618644, -100.335999 16.424626, -99.806 16.280614, -99.434998 16.116599, -99.028 15.901579, -98.587997 15.753567, -98.166 15.622556, -97.691002 15.490544, -97.217003 15.340531, -96.723558 15.312857, -96.219497 15.291016, -95.805447 15.234218, -95.466003 15.072509, -95.116997 14.869492, -94.873001 14.682476, -94.542 14.461459, -94.055 14.204438, -93.663187 13.985232, -93.312145 13.796175, -92.956602 13.633373, -92.650565 13.452839, -92.304023 13.272167, -92.105999 13.166344, -91.813463 13.042826, -91.354408 12.81327, -90.898003 12.566316)",380,North American:Cocos,Convergent Boundary,15.778733059863598
"LINESTRING (48.448002 12.729, 48.348999 12.573)",381,African:Arabian,Transform Boundary,0.18476364609455673
"LINESTRING (48.348999 12.573, 48.268002 12.602, 48.141998 12.641, 48.048 12.671)",382,African:Arabian,Divergent Boundary,0.3166024059902365
"LINESTRING (48.048 12.671, 47.991001 12.581, 47.901001 12.461)",383,African:Arabian,Transform Boundary,0.2565305833920042
"LINESTRING (47.901001 12.461, 47.787998 12.492, 47.648998 12.519)",384,African:Arabian,Divergent Boundary,0.25877558879925877
"LINESTRING (47.648998 12.519, 47.588001 12.441, 47.539001 12.369)",385,African:Arabian,Transform Boundary,0.18610982505159038
"LINESTRING (47.539001 12.369, 47.319 12.43, 47.160999 12.463)",386,African:Arabian,Divergent Boundary,0.38971172404919835
"LINESTRING (47.160999 12.463, 47.130001 12.359)",387,African:Arabian,Transform Boundary,0.10852146934601077
"LINESTRING (47.130001 12.359, 47.049 12.388, 46.992001 12.403)",388,African:Arabian,Divergent Boundary,0.1449758255415664
"LINESTRING (46.992001 12.403, 46.93 12.3, 46.848999 12.211)",389,African:Arabian,Transform Boundary,0.24056236252969643
"LINESTRING (46.848999 12.211, 46.716999 12.248, 46.578999 12.292)",390,African:Arabian,Divergent Boundary,0.2819325636080129
"LINESTRING (-44.262001 12.626, -44.278 12.101)",391,African:South American,Divergent Boundary,0.5252442891648622
"LINESTRING (46.578999 12.292, 46.511002 12.202, 46.429001 12.087)",392,African:Arabian,Transform Boundary,0.25404017713549776
"LINESTRING (46.429001 12.087, 46.311001 12.142, 46.198002 12.172)",393,African:Arabian,Divergent Boundary,0.2471019088160305
"LINESTRING (-44.278 12.101, -43.883999 12.085)",394,African:South American,Transform Boundary,0.3943257368414757
"LINESTRING (46.198002 12.172, 46.150002 12.112, 46.110001 12.058)",395,African:Arabian,Transform Boundary,0.1440397052048869
"LINESTRING (46.110001 12.058, 45.851002 12.1, 45.650002 12.152, 45.637001 12.159)",396,African:Arabian,Divergent Boundary,0.4847652093905227
"LINESTRING (45.327999 12.052, 45.280998 11.998)",397,African:Arabian,Transform Boundary,0.07158961171313742
"LINESTRING (45.280998 11.998, 45.097 11.999, 44.912998 12.012, 44.882 12.019, 44.779999 12.022, 44.513 12.013, 44.049 12.008, 43.650002 12.013)",398,African:Arabian,Divergent Boundary,1.6324926806992062
"LINESTRING (45.637001 12.159, 45.602001 12.073, 45.521999 11.983)",399,African:Arabian,Transform Boundary,0.21326696949905588
"LINESTRING (45.521999 11.983, 45.428001 12.018, 45.327999 12.052)",400,African:Arabian,Divergent Boundary,0.20592682839934356
"LINESTRING (-104.690002 15.274, -104.563004 14.672, -104.436996 14.07, -104.181 13.328, -103.927002 12.587, -103.772003 11.89)",401,Pacific:Cocos,Divergent Boundary,3.5125653912191677
"LINESTRING (-103.772003 11.89, -103.875 11.872)",402,Pacific:Cocos,Transform Boundary,0.10455796405004333
"LINESTRING (143.488767 11.522294, 143.896227 11.671792, 144.227871 11.88357, 144.619003 12.021, 144.888177 12.143384, 145.226199 12.272008, 145.431275 12.394112, 145.690994 12.647, 146.220993 13.002, 146.576874 13.265676, 146.877197 13.600845, 147.201004 14.216, 147.462006 14.966, 147.626902 15.476287, 147.707395 15.848024, 147.787003 16.523001, 147.838297 17.27605, 147.811005 18.059999, 147.754996 18.644576, 147.619003 19.172001, 147.460007 19.745001, 147.207001 20.302999, 147.018997 20.805, 146.822006 21.330999, 146.544998 21.73, 146.061996 22.201, 145.292007 22.712, 144.705994 23.25, 144.030227 23.791421, 143.522003 24.391001)",403,Pacific:Philippine,Convergent Boundary,16.62516234236967
"LINESTRING (143.11986 11.456842, 143.488767 11.516344)",404,Pacific:Philippine,Convergent Boundary,0.37367449938812675
"LINESTRING (-43.883999 12.085, -43.903 11.506, -43.921001 10.927)",405,African:South American,Divergent Boundary,1.1585914586568626
"LINESTRING (-43.921001 10.927, -43.448002 10.906, -42.976002 10.883, -42.504002 10.86, -42.030998 10.837, -41.558998 10.812, -41.087002 10.787)",406,African:South American,Transform Boundary,2.837467786901649
"LINESTRING (-65.121002 10.6, -64.997002 10.539)",407,South American:Caribbean,Divergent Boundary,0.138192752176828
"LINESTRING (-67.960999 10.5, -67.499001 10.592, -66.869003 10.667, -66.436996 10.662, -65.963997 10.653, -65.526001 10.615, -65.121002 10.6)",408,South American:Caribbean,Transform Boundary,2.855553618899442
"LINESTRING (-90.904353 12.587922, -90.355287 12.424309, -89.675704 12.167625, -88.98262 11.897392, -88.348043 11.626888, -87.899 11.370357, -87.501941 11.071749, -86.984 10.520279, -86.657004 10.208252)",409,Cocos:Caribbean,Convergent Boundary,4.955604426512028
"LINESTRING (-64.997002 10.539, -64.508003 10.474, -64.209999 10.519, -63.877998 10.532, -63.233002 10.509, -62.640999 10.482, -62.158001 10.458, -61.542 10.427, -60.926998 10.395, -60.457001 10.345, -59.987999 10.295, -59.120998 10.22, -58.639 10.19)",410,South American:Caribbean,Transform Boundary,6.378648842257678
"LINESTRING (-58.165003 10.16, -57.770002 10.634, -57.541002 11.144, -57.432001 11.661, -57.476 12.427, -57.576002 13.102, -57.719 13.874, -57.799002 14.499, -57.921 14.864, -58.296 15.15, -58.534002 15.284, -58.674002 15.412, -58.710552 15.759547, -58.752559 16.044104, -58.856346 16.381435, -59.11239 16.905956, -59.473002 17.243, -59.827002 17.548, -60.059 17.823, -60.286001 18.191, -60.480625 18.455251, -60.728668 18.668921, -61.048723 18.874703, -61.392782 19.034578)",411,South American:Caribbean,Convergent Boundary,10.630802266747466
"LINESTRING (-58.639 10.19, -58.157001 10.16)",412,South American:Caribbean,Transform Boundary,0.4829311380319793
"LINESTRING (-103.875 11.872, -103.806999 11.405, -103.738998 10.937, -103.627998 10.275, -103.598 10.123)",413,Pacific:Cocos,Divergent Boundary,1.7710123858949185
"LINESTRING (-103.598 10.123, -104.295998 10.017)",414,Pacific:Cocos,Transform Boundary,0.7060008935295533
"LINESTRING (-41.087002 10.787, -41.083 9.979)",415,African:South American,Divergent Boundary,0.8080095199343292
"LINESTRING (-41.083 9.979, -40.861 9.973)",416,African:South American,Transform Boundary,0.2220812022552777
"LINESTRING (58.238998 12.745, 58.016998 12.283, 57.796001 11.821, 57.576 11.359, 57.355999 10.896, 57.138 10.434, 56.918999 9.971)",417,African:Indian,Transform Boundary,3.0720565035113547
"LINESTRING (56.918999 9.971, 56.978001 9.857, 57.028999 9.857, 57.261002 9.681, 57.491001 9.942, 58.063 9.532)",418,African:Indian,Divergent Boundary,1.5222127209874312
"LINESTRING (58.063 9.532, 58.018002 9.45)",419,African:Indian,Transform Boundary,0.09353501449766805
"LINESTRING (-40.861 9.973, -40.865002 9.389)",420,African:South American,Divergent Boundary,0.5840133437317112
"LINESTRING (138.431173 9.374304, 138.597776 9.957415, 138.7558 10.620605, 138.871481 10.945133, 138.980047 11.096437, 139.091635 11.135537, 139.240388 11.105786, 139.456378 10.917296, 139.751867 10.895569, 140.100006 10.946, 140.573213 10.873732, 141.086411 10.946042, 141.625768 11.125706, 141.932016 11.267831, 142.276581 11.317122, 142.677996 11.363198, 142.88911 11.38986, 143.10796 11.444942)",421,Pacific:Philippine,Convergent Boundary,6.117288700098917
"LINESTRING (-40.865002 9.389, -40.639999 9.373)",422,African:South American,Transform Boundary,0.22557043949522418
"LINESTRING (58.018002 9.45, 58.263 9.293)",423,African:Indian,Divergent Boundary,0.29098685109464256
"LINESTRING (58.263 9.293, 58.147999 9.09)",424,African:Indian,Transform Boundary,0.23331183866379906
"LINESTRING (58.147999 9.09, 58.43 8.863)",425,African:Indian,Divergent Boundary,0.36201374432171857
"LINESTRING (-40.639999 9.373, -40.652 8.841)",426,African:South American,Divergent Boundary,0.5321358855808466
"LINESTRING (-40.652 8.841, -40.119999 8.815)",427,African:South American,Transform Boundary,0.5326364541207806
"LINESTRING (58.43 8.863, 58.250999 8.647)",428,African:Indian,Other,0.28053009599897166
"LINESTRING (-104.228996 8.34, -103.595001 8.37, -102.960999 8.4)",429,Pacific:Cocos,Transform Boundary,1.2694164838946427
"LINESTRING (-104.295998 10.017, -104.295998 9.175, -104.258003 8.456, -104.228996 8.34)",430,Pacific:Cocos,Divergent Boundary,1.681574967434345
"LINESTRING (-40.119999 8.815, -40.140999 8.215)",431,African:South American,Divergent Boundary,0.6003668123897514
"LINESTRING (58.250999 8.647, 58.611 8.401, 58.917999 8.167)",432,African:Indian,Divergent Boundary,0.8220347542351738
"LINESTRING (-40.140999 8.215, -39.660999 8.197, -39.181 8.179, -38.701 8.159, -38.221001 8.14)",433,African:South American,Transform Boundary,1.921465304002335
"LINESTRING (58.917999 8.167, 58.880001 8.097)",434,African:Indian,Transform Boundary,0.07964810426772449
"LINESTRING (58.880001 8.097, 59.308998 7.768)",435,African:Indian,Divergent Boundary,0.5406287610192514
"LINESTRING (-38.221001 8.14, -38.207001 7.703)",436,African:South American,Divergent Boundary,0.43722447135088177
"LINESTRING (59.308998 7.768, 59.220001 7.673)",437,African:Indian,Other,0.13017486921472188
"LINESTRING (-38.207001 7.703, -37.535999 7.679, -36.865002 7.654)",438,African:South American,Transform Boundary,1.3428936982681132
"LINESTRING (-36.865002 7.654, -36.851002 7.401)",439,African:South American,Divergent Boundary,0.25338683437090087
"LINESTRING (-86.648003 10.235, -86.448997 9.938, -86.204002 9.684, -85.910004 9.423, -85.612 9.203, -85.380997 9.089, -85.043999 8.937, -84.685997 8.772, -84.418999 8.637, -84.157997 8.474, -83.996016 8.316926, -83.837997 8.182, -83.605003 8.044, -83.360001 7.928, -83.233002 7.849, -83.073997 7.592, -82.875 7.366)",440,Cocos:Caribbean,Convergent Boundary,4.830543117240066
"LINESTRING (-36.851002 7.401, -36.057999 7.363)",441,African:South American,Transform Boundary,0.7939130283551835
"LINESTRING (-36.057999 7.363, -36.047001 7.023)",442,African:South American,Divergent Boundary,0.3401779749194793
"LINESTRING (59.220001 7.673, 59.700001 7.312, 60.179001 6.951)",443,African:Indian,Divergent Boundary,1.200401660823455
"LINESTRING (-36.047001 7.023, -35.367001 6.935)",444,African:South American,Transform Boundary,0.685670754007993
"LINESTRING (60.179001 6.951, 60.037998 6.767)",445,African:Indian,Transform Boundary,0.23181405126841773
"LINESTRING (-35.362999 6.614, -34.493999 6.616, -33.624001 6.618)",446,African:South American,Transform Boundary,1.739003013520319
"LINESTRING (-35.367001 6.935, -35.362999 6.614)",447,African:South American,Divergent Boundary,0.3210250403828735
"LINESTRING (138.426761 9.350315, 138.355369 9.159937, 138.00436 8.535259, 137.837779 8.26754, 137.668224 7.990897, 137.48677 7.788621, 137.185129 7.546957, 137.001607 7.403731, 136.793675 7.342423, 136.482623 7.286067, 136.23404 7.249035, 135.913701 6.970087, 135.517645 6.910456, 135.380714 6.905148, 135.235275 6.914098, 134.556944 6.909638, 134.268997 6.61, 133.988998 6.333)",448,Pacific:Philippine,Other,5.830725777516713
"LINESTRING (-33.624001 6.618, -33.619999 6.104)",449,African:South American,Divergent Boundary,0.5140155152012412
"LINESTRING (-33.619999 6.104, -33.514 6.076)",450,African:South American,Transform Boundary,0.10963475585010331
"LINESTRING (-33.514 6.076, -33.507 5.649)",451,African:South American,Divergent Boundary,0.42705741910150585
"LINESTRING (-33.507 5.649, -32.978001 5.647)",452,African:South American,Transform Boundary,0.5290031110185879
"LINESTRING (60.037998 6.767, 60.669998 6.31, 61.141998 5.91, 61.657001 5.49)",453,African:Indian,Divergent Boundary,2.063165517667823
"LINESTRING (61.657001 5.49, 61.528999 5.262)",454,African:Indian,Transform Boundary,0.2614735393174304
"LINESTRING (61.528999 5.262, 62 4.911, 62.457001 4.523, 63.001999 4.108)",455,African:Indian,Divergent Boundary,1.8719147684370125
"LINESTRING (-32.862 3.96, -32.387001 3.986, -31.912001 4.011, -31.437 4.036, -30.962 4.061)",456,African:South American,Transform Boundary,1.9026829764801283
"LINESTRING (-32.978001 5.647, -32.919998 4.804, -32.862 3.96)",457,African:South American,Divergent Boundary,1.6909833193352335
"LINESTRING (63.001999 4.108, 62.868 3.893)",458,African:Indian,Transform Boundary,0.25333902331093183
"LINESTRING (-102.960999 8.4, -102.809998 7.791, -102.658997 7.182, -102.557999 6.355, -102.457001 5.529, -102.32 4.653, -102.183998 3.778)",459,Pacific:Cocos,Divergent Boundary,4.692332484485341
"LINESTRING (-102.183998 3.778, -102.259003 3.751)",460,Pacific:Cocos,Transform Boundary,0.07971635248480868
"LINESTRING (63.331001 3.631, 63.388 3.7)",461,African:Indian,Transform Boundary,0.08949810234762828
"LINESTRING (62.868 3.893, 63.331001 3.631)",462,African:Indian,Divergent Boundary,0.5319906744839129
"LINESTRING (63.819 3.482, 63.889999 3.602)",463,African:Indian,Transform Boundary,0.139430452525646
"LINESTRING (63.388 3.7, 63.819 3.482)",464,African:Indian,Divergent Boundary,0.482995612087192
"LINESTRING (64.617996 3.217, 64.681999 3.299)",465,African:Indian,Transform Boundary,0.10402108201865458
"LINESTRING (63.889999 3.602, 64.617996 3.217)",466,African:Indian,Divergent Boundary,0.8235316458565671
"LINESTRING (-82.591249 3.06403, -82.660249 3.541057, -82.660249 4.018087, -82.660249 4.509122, -82.660249 5.000161, -82.660249 5.779232, -82.660249 6.508306, -82.660249 7.064369, -82.660249 7.312399)",467,Nazca:Cocos,Transform Boundary,4.2533336198058915
"LINESTRING (-84.467003 3.112, -83.922997 3.139, -83.377998 3.165, -82.631781 3.105257)",468,Nazca:Cocos,Divergent Boundary,1.8388994723098575
"LINESTRING (65.212997 2.921, 65.488998 3.299)",469,African:Indian,Transform Boundary,0.4680390524211155
"LINESTRING (64.681999 3.299, 65.212997 2.921)",470,African:Indian,Divergent Boundary,0.6517999206203208
"LINESTRING (-102.117996 2.893, -102.144997 2.889)",471,Pacific:Cocos,Transform Boundary,0.02729510350945305
"LINESTRING (-102.144997 2.889, -102.193001 3.072, -102.219002 3.239, -102.198997 3.458, -102.259003 3.751)",472,Pacific:Cocos,Divergent Boundary,0.8771964345692995
"LINESTRING (65.488998 3.299, 65.962997 2.971, 66.379997 2.752)",473,African:Indian,Divergent Boundary,1.0474285500040184
"LINESTRING (-102.068001 2.635, -102.109001 2.786, -102.096001 2.798, -102.117996 2.893)",474,Pacific:Cocos,Divergent Boundary,0.27167248065192984
"LINESTRING (-101.512001 2.232, -101.203003 2.241)",475,Nazca:Cocos,Divergent Boundary,0.3091291435355031
"LINESTRING (-101.512001 2.232, -101.489998 2.605, -101.696999 2.64, -101.877998 2.642, -102.068001 2.635)",476,Nazca:Cocos,Divergent Boundary,0.9547292919182009
"LINESTRING (-95.223999 2.222, -95.197998 2.507)",477,Nazca:Cocos,Transform Boundary,0.2861836824387386
"LINESTRING (-96.120003 2.238, -95.223999 2.222)",478,Nazca:Cocos,Divergent Boundary,0.896146568841277
"LINESTRING (-100.066002 2.207, -100.046997 2.3)",479,Nazca:Cocos,Transform Boundary,0.09492192143664775
"LINESTRING (-95.197998 2.507, -94.403999 2.44, -93.611 2.372, -92.928001 2.3, -92.245003 2.227, -92.089996 2.2)",480,Nazca:Cocos,Divergent Boundary,3.1237422771000585
"LINESTRING (-101.195999 2.199, -101.067001 2.21, -100.643997 2.204, -100.393997 2.207, -100.066002 2.207)",481,Nazca:Cocos,Divergent Boundary,1.1305259681768156
"LINESTRING (-101.203003 2.241, -101.195999 2.199)",482,Nazca:Cocos,Transform Boundary,0.04258001382613485
"LINESTRING (-98.917999 2.112, -98.889 2.213)",483,Nazca:Cocos,Transform Boundary,0.10508080414994962
"LINESTRING (-100.046997 2.3, -99.913002 2.272, -99.810997 2.273, -99.738998 2.269, -99.656998 2.19, -98.917999 2.112)",484,Nazca:Cocos,Divergent Boundary,1.1679766635200814
"LINESTRING (-98.889 2.213, -98.366997 2.145, -97.846001 2.077, -97.551003 2.088)",485,Nazca:Cocos,Divergent Boundary,1.3470318504427246
"LINESTRING (66.379997 2.752, 66.179001 2.393, 65.991997 2.052)",486,African:Indian,Transform Boundary,0.8003479155147151
"LINESTRING (-92.117996 1.99, -91.538002 2.011)",487,Nazca:Cocos,Divergent Boundary,0.5803742496436866
"LINESTRING (-92.089996 2.2, -92.117996 1.99)",488,Nazca:Cocos,Transform Boundary,0.21185846497108382
"LINESTRING (-102.068001 2.635, -102.082001 2.574, -102.077003 2.502, -102.084999 2.486, -102.084999 2.412, -102.089996 2.391, -102.087997 2.327, -102.080002 2.308, -102.074997 2.161, -102.067001 2.137, -102.074997 2.024, -102.075996 1.972, -102.087997 1.903)",489,Pacific:Nazca,Divergent Boundary,0.7405871702963913
"LINESTRING (-102.087997 1.903, -102.103996 1.904)",490,Pacific:Nazca,Transform Boundary,0.016030065007764834
"LINESTRING (-97.551003 2.088, -97.584999 1.898)",491,Nazca:Cocos,Transform Boundary,0.19301758828786456
"LINESTRING (-96.175003 1.873, -96.120003 2.238)",492,Nazca:Cocos,Transform Boundary,0.3691205138230146
"LINESTRING (-97.584999 1.898, -96.879997 1.886, -96.175003 1.873)",493,Nazca:Cocos,Divergent Boundary,1.4102180013608625
"LINESTRING (-91.538002 2.011, -91.560997 1.817)",494,Nazca:Cocos,Transform Boundary,0.19535794270394005
"LINESTRING (-102.103996 1.904, -102.133003 1.778)",495,Pacific:Nazca,Divergent Boundary,0.12929584449319298
"LINESTRING (-102.133003 1.778, -102.262001 1.752)",496,Pacific:Nazca,Transform Boundary,0.13159192341619058
"LINESTRING (-91.560997 1.817, -90.696999 1.736)",497,Nazca:Cocos,Divergent Boundary,0.8677869966981824
"LINESTRING (-30.962 4.061, -30.886999 3.255, -30.811001 2.449, -30.736 1.643)",498,African:South American,Divergent Boundary,2.428538910302068
"LINESTRING (65.991997 2.052, 66.333 1.859, 66.672997 1.621)",499,African:Indian,Divergent Boundary,0.8068518998896189
"LINESTRING (-30.736 1.643, -30.027 1.607)",500,African:South American,Transform Boundary,0.7099130100782662
"LINESTRING (-84.575996 1.598, -84.570999 2.066, -84.567001 2.534, -84.467003 3.112)",501,Nazca:Cocos,Transform Boundary,1.52263016935976
"LINESTRING (-85.348999 1.644, -84.575996 1.598)",502,Nazca:Cocos,Divergent Boundary,0.7743701034148374
"LINESTRING (-102.262001 1.752, -102.230003 1.541)",503,Pacific:Nazca,Divergent Boundary,0.21341236461576077
"LINESTRING (-102.230003 1.541, -102.257004 1.528)",504,Pacific:Nazca,Transform Boundary,0.02996703753106158
"LINESTRING (66.672997 1.621, 66.492996 1.331)",505,African:Indian,Transform Boundary,0.34132119328832794
"LINESTRING (-102.257004 1.528, -102.222 1.361, -102.242996 1.349, -102.203003 1.221)",506,Pacific:Nazca,Divergent Boundary,0.32891487424103194
"LINESTRING (-102.203003 1.221, -102.223 1.214)",507,Pacific:Nazca,Transform Boundary,0.021186441789727065
"LINESTRING (-102.223 1.214, -102.181 1.134)",508,Pacific:Nazca,Divergent Boundary,0.09035480938160441
"LINESTRING (-90.696999 1.736, -90.663002 1.12)",509,Nazca:Cocos,Transform Boundary,0.6169373470284069
"LINESTRING (66.492996 1.331, 66.870003 1.068)",510,African:Indian,Divergent Boundary,0.45967698423795056
"LINESTRING (-85.386002 0.832, -85.348999 1.644)",511,Nazca:Cocos,Transform Boundary,0.8128426962969816
"LINESTRING (-90.663002 1.12, -89.783997 1.073, -88.903999 1.025, -88.024002 0.977, -87.144997 0.929, -86.265999 0.88, -85.386002 0.832)",512,Nazca:Cocos,Divergent Boundary,5.28485472944395
"LINESTRING (-29.92 0.797, -29.209999 0.849, -28.347 0.953, -27.830999 1.007, -27.315001 1.062, -26.474001 1.159)",513,African:South American,Transform Boundary,3.465461029252053
"LINESTRING (-30.027 1.607, -29.92 0.797)",514,African:South American,Divergent Boundary,0.817036767455954
"LINESTRING (66.870003 1.068, 66.656998 0.722)",515,African:Indian,Transform Boundary,0.40630915289937025
"LINESTRING (-102.181 1.134, -102.239998 0.713)",516,Pacific:Nazca,Divergent Boundary,0.4251137845072911
"LINESTRING (-102.239998 0.713, -102.209999 0.706)",517,Pacific:Nazca,Transform Boundary,0.03080466196652581
"LINESTRING (-26.289 0.498, -25.659 0.556, -25.028999 0.614)",518,African:South American,Transform Boundary,1.2653286466375049
"LINESTRING (-26.474001 1.159, -26.289 0.498)",519,African:South American,Divergent Boundary,0.6864011687865833
"LINESTRING (66.656998 0.722, 67.158997 0.337)",520,African:Indian,Divergent Boundary,0.6326356693009476
"LINESTRING (67.158997 0.337, 66.838997 -0.039)",521,African:Indian,Transform Boundary,0.4937365842105549
"LINESTRING (66.838997 -0.039, 67.209 -0.34)",522,African:Indian,Divergent Boundary,0.4769727821501189
"LINESTRING (-16.252001 -0.556, -16.037001 -0.52)",523,African:South American,Transform Boundary,0.2179932719243877
"LINESTRING (-16.497999 0.299, -16.252001 -0.556)",524,African:South American,Divergent Boundary,0.8896854415634772
"LINESTRING (67.209 -0.34, 67.023003 -0.578)",525,African:Indian,Transform Boundary,0.3020577596123551
"LINESTRING (67.023003 -0.578, 67.662003 -1.04)",526,African:Indian,Divergent Boundary,0.7885206893328621
"LINESTRING (-24.612 -1.103, -24.051001 -1.034, -23.49 -0.964, -22.934999 -0.88, -22.381001 -0.796, -21.544001 -0.68, -21.017 -0.588, -20.49 -0.497, -19.674999 -0.333, -18.85 -0.176, -18.368999 -0.073, -17.889 0.031, -17.323 0.15, -16.757 0.269, -16.497999 0.299)",527,African:South American,Transform Boundary,8.238665247838837
"LINESTRING (-25.028999 0.614, -24.820999 -0.245, -24.612 -1.103)",528,African:South American,Divergent Boundary,1.7669124301148567
"LINESTRING (-15.841 -1.143, -15.565 -1.073)",529,African:South American,Transform Boundary,0.2847385117964275
"LINESTRING (-16.037001 -0.52, -15.841 -1.143)",530,African:South American,Divergent Boundary,0.6531044672801314
"LINESTRING (138.703352 -0.714632, 138.118484 -0.557989, 137.434596 -0.459652, 136.942993 -0.422, 136.430162 -0.269286, 135.697961 -0.036164, 135.164155 0.189805, 134.952472 0.246457, 134.772743 0.261798, 134.470993 0.259, 133.904538 0.136721, 133.458234 -0.05124)",531,Pacific:Australia,Convergent Boundary,5.43766252392806
"LINESTRING (-102.209999 0.706, -102.252998 0.372, -102.293999 0.157, -102.319 -0.015, -102.397003 -0.503, -102.524002 -1.283)",532,Pacific:Nazca,Divergent Boundary,2.013904556100147
"LINESTRING (-102.524002 -1.283, -102.399002 -1.283)",533,Pacific:Nazca,Transform Boundary,0.12500000064954975
"LINESTRING (67.662003 -1.04, 67.366997 -1.44)",534,African:Indian,Transform Boundary,0.4970196144266782
"LINESTRING (-15.41 -1.493, -14.659 -1.301, -13.909 -1.108, -13.158 -0.915)",535,African:South American,Transform Boundary,2.3249924379960225
"LINESTRING (-15.565 -1.073, -15.41 -1.493)",536,African:South American,Divergent Boundary,0.447688486756982
"LINESTRING (-102.399002 -1.283, -102.461998 -1.533)",537,Pacific:Nazca,Divergent Boundary,0.25781482702097536
"LINESTRING (-102.461998 -1.533, -102.306999 -1.596)",538,Pacific:Nazca,Transform Boundary,0.16731293168769296
"LINESTRING (-102.306999 -1.596, -102.402 -1.907)",539,Pacific:Nazca,Divergent Boundary,0.3251864472039335
"LINESTRING (-102.402 -1.907, -102.621002 -1.906)",540,Pacific:Nazca,Transform Boundary,0.2190040533584466
"LINESTRING (67.366997 -1.44, 67.929001 -1.913)",541,African:Indian,Divergent Boundary,0.7345594124242114
"LINESTRING (67.929001 -1.913, 67.788002 -2.088)",542,African:Indian,Transform Boundary,0.22473472795023658
"LINESTRING (-12.701 -2.099, -12.164 -1.945)",543,African:South American,Transform Boundary,0.5586462943545467
"LINESTRING (-13.158 -0.915, -12.93 -1.507, -12.701 -2.099)",544,African:South American,Divergent Boundary,1.2691357548193962
"LINESTRING (67.788002 -2.088, 68.249001 -2.54)",545,African:Indian,Divergent Boundary,0.6456187428802753
"LINESTRING (143.109199 -2.609361, 142.509787 -2.276318, 142.075838 -2.004465, 141.642082 -1.791677, 141.068869 -1.574858, 140.415056 -1.329023, 139.91677 -1.144979, 139.247768 -0.897141, 138.692366 -0.708876)",546,Pacific:Australia,Convergent Boundary,4.82334544845846
"LINESTRING (68.249001 -2.54, 67.891998 -2.888)",547,African:Australian,Transform Boundary,0.4985525522034172
"LINESTRING (-102.621002 -1.906, -102.686996 -2.436, -102.753998 -2.934)",548,Pacific:Nazca,Divergent Boundary,1.0365799075686528
"LINESTRING (-102.753998 -2.934, -102.566002 -2.936)",549,Pacific:Nazca,Transform Boundary,0.18800655020151866
"LINESTRING (-78.631366 7.122803, -78.545855 6.983423, -78.455844 6.848499, -78.383836 6.727034, -78.311827 6.62804, -78.25782 6.547029, -78.203814 6.452501, -78.16781 6.362457, -78.127305 6.267893, -78.072497 6.135514, -78.036501 6.066516, -77.983287 5.848907, -77.947283 5.506273, -78.0665 4.845543, -78.328501 4.079558, -78.648501 3.405568, -79.151499 2.793576, -79.464495 2.44058, -79.777499 2.087583, -80.278498 1.562588, -80.560496 1.06659, -80.873499 0.445592, -81.215495 -0.270408, -81.401499 -1.08141, -81.585497 -1.800414, -81.518496 -2.42342, -81.638499 -2.986426, -81.585497 -3.231429)",550,South American:Nazca,Convergent Boundary,11.560139892753437
"LINESTRING (144.31184 -4.069258, 144.473944 -4.387809, 145.411038 -5.477524, 146.359424 -6.393315, 147.263793 -7.057296, 147.898863 -7.32425, 148.560755 -7.408192)",551,Australia:Pacific,Convergent Boundary,5.591058891432661
"LINESTRING (67.891998 -2.888, 68.269997 -3.351, 68.667 -3.771)",552,African:Australian,Divergent Boundary,1.1756426327778757
"LINESTRING (-12.164 -1.945, -11.999 -2.4, -11.834 -2.855, -12.029 -3.013, -11.898 -3.493, -11.766 -3.972)",553,African:South American,Divergent Boundary,2.2133742760194854
"LINESTRING (-102.566002 -2.936, -102.570999 -3.435, -102.735001 -4.056)",554,Pacific:Nazca,Divergent Boundary,1.1413159432784261
"LINESTRING (-102.735001 -4.056, -103.637001 -3.951, -104.539001 -3.844)",555,Pacific:Nazca,Transform Boundary,1.816415999298092
"LINESTRING (-11.766 -3.972, -12.097 -4.103)",556,African:South American,Transform Boundary,0.35598074509181876
"LINESTRING (68.667 -3.771, 68.348999 -4.118)",557,African:Australian,Transform Boundary,0.47067354840486253
"LINESTRING (-104.539001 -3.844, -104.698997 -4.152)",558,Pacific:Nazca,Divergent Boundary,0.34707727912322023
"LINESTRING (-104.698997 -4.152, -105.379997 -4.078)",559,Pacific:Nazca,Transform Boundary,0.6850085041570186
"LINESTRING (68.348999 -4.118, 68.750999 -4.549)",560,African:Australian,Divergent Boundary,0.5893769028682573
"LINESTRING (-105.379997 -4.078, -105.543999 -4.569)",561,Pacific:Nazca,Divergent Boundary,0.517665127278261
"LINESTRING (-105.543999 -4.569, -106.252998 -4.494)",562,Pacific:Nazca,Transform Boundary,0.7129554349931173
"LINESTRING (-12.097 -4.103, -12.039 -4.587)",563,African:South American,Divergent Boundary,0.48746261703690047
"LINESTRING (-12.039 -4.587, -12.144 -4.609)",564,African:South American,Transform Boundary,0.10728055679941285
"LINESTRING (-12.019 -5.026, -11.604 -4.942)",565,African:South American,Transform Boundary,0.4234158553873979
"LINESTRING (-12.144 -4.609, -12.019 -5.026)",566,African:South American,Divergent Boundary,0.43533188121880123
"LINESTRING (68.750999 -4.549, 68.198997 -5.042)",567,African:Australian,Transform Boundary,0.7401048485910343
"LINESTRING (-11.516 -5.415, -11.167 -5.377)",568,African:South American,Transform Boundary,0.35106266081096443
"LINESTRING (-11.604 -4.942, -11.516 -5.415)",569,African:South American,Divergent Boundary,0.4811165135223826
"LINESTRING (68.198997 -5.042, 68.607002 -5.472)",570,African:Australian,Divergent Boundary,0.5927631464458245
"LINESTRING (-106.252998 -4.494, -106.449997 -5.043, -106.586998 -5.624)",571,Pacific:Nazca,Divergent Boundary,1.1802089339834827
"LINESTRING (-106.586998 -5.624, -106.740997 -5.62)",572,Pacific:Nazca,Transform Boundary,0.15405127326180204
"LINESTRING (-11.167 -5.377, -11.022 -5.93)",573,African:South American,Divergent Boundary,0.5716938228967927
"LINESTRING (-106.740997 -5.62, -106.751999 -6.019)",574,Pacific:Nazca,Divergent Boundary,0.39915181195525873
"LINESTRING (-106.751999 -6.019, -106.845001 -6.016)",575,Pacific:Nazca,Transform Boundary,0.0930507008865747
"LINESTRING (-11.022 -5.93, -11.267 -6.02)",576,African:South American,Transform Boundary,0.2610076082779518
"LINESTRING (68.607002 -5.472, 68.219002 -5.891, 67.781998 -6.259)",577,African:Australian,Transform Boundary,1.1423674257032732
"LINESTRING (-106.845001 -6.016, -106.949997 -6.443)",578,Pacific:Nazca,Divergent Boundary,0.4397193896766178
"LINESTRING (-106.949997 -6.443, -107.441002 -6.367)",579,Pacific:Nazca,Transform Boundary,0.49685190441409544
"LINESTRING (-11.267 -6.02, -11.181 -6.755)",580,African:South American,Divergent Boundary,0.7400143728090971
"LINESTRING (67.781998 -6.259, 68.274002 -6.811)",581,African:Australian,Divergent Boundary,0.7394405821111383
"LINESTRING (68.274002 -6.811, 67.810997 -7.253)",582,African:Australian,Transform Boundary,0.6401075014526715
"LINESTRING (153.929993 -6.265, 154.225006 -6.507, 154.539993 -6.818, 154.927002 -7.293)",583,Australia:Pacific,Convergent Boundary,1.4369202038330566
"LINESTRING (-11.181 -6.755, -11.993 -6.961, -12.807 -7.165, -13.621 -7.367)",584,African:South American,Transform Boundary,2.515586475560462
"LINESTRING (148.587006 -7.395, 149.313995 -7.032, 149.860001 -6.939, 150.145996 -6.881, 150.662994 -6.694, 151.147995 -6.443, 151.558229 -6.237766, 151.90345 -6.069169, 152.273317 -5.884451, 152.644964 -5.753964, 153.00992 -5.761534, 153.424013 -5.959398, 153.929993 -6.265)",585,Australia:Pacific,Convergent Boundary,5.819437590730607
"LINESTRING (154.927002 -7.293, 155.453995 -7.489)",586,Australia:Pacific,Convergent Boundary,0.5622608485804222
"LINESTRING (67.810997 -7.253, 68.072998 -7.648)",587,African:Australian,Divergent Boundary,0.4739931735750326
"LINESTRING (68.072998 -7.648, 67.641998 -8.027)",588,African:Australian,Transform Boundary,0.5739357910896993
"LINESTRING (155.453995 -7.489, 155.811996 -7.706, 156.046997 -7.884, 156.416352 -8.118043)",589,Australia:Pacific,Convergent Boundary,1.1507007792846335
"LINESTRING (-13.357 -8.411, -13.191 -8.374)",590,African:South American,Transform Boundary,0.17007401375161926
"LINESTRING (-13.621 -7.367, -13.489 -7.889, -13.357 -8.411)",591,African:South American,Divergent Boundary,1.0768622379772064
"LINESTRING (67.641998 -8.027, 68.039001 -8.492)",592,African:Australian,Divergent Boundary,0.6114211117579856
"LINESTRING (-107.441002 -6.367, -107.607002 -6.759, -107.653 -7.186, -107.879997 -7.514, -108.063004 -8.24, -108.192001 -8.357, -108.32 -9.145)",593,Pacific:Nazca,Divergent Boundary,2.9752502002067613
"LINESTRING (-108.32 -9.145, -109.038002 -9.035, -109.755997 -8.925)",594,Pacific:Nazca,Transform Boundary,1.4527517085588464
"LINESTRING (-13.191 -8.374, -13.023 -9.225)",595,African:South American,Divergent Boundary,0.8674251625439141
"LINESTRING (68.039001 -8.492, 67.565002 -8.881, 67.089996 -9.27)",596,African:Australian,Transform Boundary,1.2271497179810922
"LINESTRING (-13.023 -9.225, -13.248 -9.276)",597,African:South American,Transform Boundary,0.2307078993082784
"LINESTRING (67.089996 -9.27, 67.377998 -9.63)",598,African:Australian,Divergent Boundary,0.4610259347129354
"LINESTRING (-109.755997 -8.925, -109.857002 -9.677)",599,Pacific:Nazca,Divergent Boundary,0.7587528610003501
"LINESTRING (-109.857002 -9.677, -110.070999 -9.665)",600,Pacific:Nazca,Transform Boundary,0.2143330819596331
"LINESTRING (-13.248 -9.276, -13.166 -9.794)",601,African:South American,Divergent Boundary,0.5244498071498944
"LINESTRING (-13.166 -9.794, -13.315 -9.825)",602,African:South American,Transform Boundary,0.1521899286546881
"LINESTRING (67.377998 -9.63, 66.919998 -9.99, 66.459999 -10.35)",603,African:Australian,Transform Boundary,1.1666724299739952
"LINESTRING (66.459999 -10.35, 66.787003 -10.762)",604,African:Australian,Divergent Boundary,0.5259990778971145
"LINESTRING (-110.070999 -9.665, -110.218002 -10.08, -110.292 -10.802)",605,Pacific:Nazca,Divergent Boundary,1.1660490548613118
"LINESTRING (-110.292 -10.802, -110.446999 -10.822)",606,Pacific:Nazca,Transform Boundary,0.15628372142864042
"LINESTRING (66.787003 -10.762, 66.167 -11.21)",607,African:Australian,Transform Boundary,0.7649231099264292
"LINESTRING (-13.315 -9.825, -13.174 -10.623, -13.031 -11.422)",608,African:South American,Divergent Boundary,1.6220568090005782
"LINESTRING (156.416352 -8.118043, 156.695487 -8.330914, 157.016037 -8.608392, 157.101351 -8.685424, 157.177002 -8.746, 157.240997 -8.784, 157.317001 -8.823, 157.419006 -8.9, 157.572006 -8.965, 157.647995 -9.004, 157.723999 -9.068, 157.826996 -9.107, 157.916 -9.159, 157.992004 -9.21, 158.056 -9.249, 158.145004 -9.313, 158.272995 -9.39, 158.388 -9.442, 158.477997 -9.481, 158.580002 -9.507, 158.709 -9.546, 158.904229 -9.654448, 159.057649 -9.722036, 159.220993 -9.829, 159.285004 -9.88, 159.362 -9.931, 159.438995 -9.969, 159.503006 -10.021, 159.580002 -10.084, 159.643997 -10.123, 159.707993 -10.174, 159.772003 -10.2, 159.837006 -10.251, 159.914001 -10.276, 159.977997 -10.315, 160.067993 -10.379, 160.132004 -10.417, 160.210007 -10.468, 160.287003 -10.519, 160.363998 -10.57, 160.492996 -10.634, 160.544006 -10.672, 160.621994 -10.723, 160.725006 -10.787, 160.776001 -10.838, 160.867004 -10.914, 160.931 -10.965, 160.996002 -11.029, 161.059998 -11.054, 161.125 -11.13, 161.201996 -11.168, 161.306 -11.194, 161.384003 -11.232, 161.460999 -11.245, 161.552002 -11.283, 161.818227 -11.319267, 162.037796 -11.348794, 162.260878 -11.368533, 162.496634 -11.341116)",609,Pacific:Australian,Convergent Boundary,7.0465277415635805
"LINESTRING (66.167 -11.21, 66.417999 -11.559)",610,African:Australian,Divergent Boundary,0.4298856914079248
"LINESTRING (-13.031 -11.422, -13.524 -11.539, -14.018 -11.655, -14.512 -11.771, -15.006 -11.885)",611,African:South American,Transform Boundary,2.0285493348924257
"LINESTRING (66.417999 -11.559, 65.697998 -12.019)",612,African:Australian,Transform Boundary,0.8544014236540289
"LINESTRING (-14.908 -12.339, -14.861 -12.32)",613,African:South American,Transform Boundary,0.05069512408233405
"LINESTRING (-15.006 -11.885, -14.908 -12.339)",614,African:South American,Divergent Boundary,0.46445611221199934
"LINESTRING (-14.791 -12.656, -14.55 -12.577)",615,African:South American,Transform Boundary,0.25361813664721244
"LINESTRING (-14.861 -12.32, -14.791 -12.656)",616,African:South American,Divergent Boundary,0.3432145891175003
"LINESTRING (-110.446999 -10.822, -110.485001 -11.394, -110.675003 -11.472, -110.926003 -11.968, -111.077003 -12.742)",617,Pacific:Nazca,Divergent Boundary,2.1231353916830256
"LINESTRING (-111.077003 -12.742, -110.891998 -12.755)",618,Pacific:Nazca,Transform Boundary,0.1854614042704538
"LINESTRING (65.697998 -12.019, 66.032997 -12.426, 66.369003 -12.833)",619,African:Australian,Divergent Boundary,1.0549146211078457
"LINESTRING (-14.55 -12.577, -14.41 -13.218)",620,African:South American,Divergent Boundary,0.6561113133201404
"LINESTRING (-14.41 -13.218, -14.6 -13.266)",621,African:South American,Transform Boundary,0.19596975162015878
"LINESTRING (66.369003 -12.833, 65.820999 -13.268)",622,African:Australian,Transform Boundary,0.6996664091989818
"LINESTRING (-110.891998 -12.755, -111.007004 -13.411)",623,Pacific:Nazca,Divergent Boundary,0.6660048381338224
"LINESTRING (-111.007004 -13.411, -111.191002 -13.396)",624,Pacific:Nazca,Transform Boundary,0.18460854268235408
"LINESTRING (-111.191002 -13.396, -111.265999 -13.541)",625,Pacific:Nazca,Divergent Boundary,0.16324728164219454
"LINESTRING (-111.265999 -13.541, -111.846001 -13.465, -112.426003 -13.386)",626,Pacific:Nazca,Transform Boundary,1.1703172873564671
"LINESTRING (65.820999 -13.268, 66.209999 -13.777)",627,African:Australian,Divergent Boundary,0.6406268373505861
"LINESTRING (164.57746 -10.896015, 164.785042 -10.96861, 164.957972 -11.050127, 165.119302 -11.178491, 165.2845 -11.333415, 165.434087 -11.503895, 165.542171 -11.666259, 165.621002 -11.887, 165.714996 -12.127, 165.770004 -12.316, 165.837997 -12.517, 165.893997 -12.744, 165.908997 -12.87, 165.951996 -13.072, 166.020004 -13.261, 166.089996 -13.513, 166.132004 -13.676, 166.154007 -13.779)",628,Pacific:Australian,Convergent Boundary,3.4700354848902935
"LINESTRING (66.209999 -13.777, 65.928001 -13.979)",629,African:Australian,Transform Boundary,0.3468811843741514
"LINESTRING (-14.478 -14.208, -13.643 -14.035)",630,African:South American,Transform Boundary,0.8527333584298006
"LINESTRING (-14.6 -13.266, -14.539 -13.737, -14.478 -14.208)",631,African:South American,Divergent Boundary,0.9498678342050102
"LINESTRING (-174.753998 -14.334, -174.082993 -14.379, -173.835999 -14.534)",632,Pacific:Australian,Transform Boundary,0.9641136876860086
"LINESTRING (-173.835999 -14.534, -173.406998 -14.584)",633,Pacific:Australian,Transform Boundary,0.4319046849651156
"LINESTRING (-112.426003 -13.386, -112.439003 -13.865, -112.581001 -14.062, -112.612999 -14.718)",634,Pacific:Nazca,Divergent Boundary,1.3787995103659398
"LINESTRING (-112.612999 -14.718, -112.765999 -14.704)",635,Pacific:Nazca,Transform Boundary,0.15363906077663902
"LINESTRING (-13.643 -14.035, -13.435 -14.849, -13.226 -15.663)",636,African:South American,Divergent Boundary,1.6805578335242706
"LINESTRING (-13.226 -15.663, -13.384 -15.688)",637,African:South American,Transform Boundary,0.1599655536131545
"LINESTRING (-81.598999 -3.245, -81.926003 -3.721, -82.010002 -4.504, -81.998001 -5.253, -81.954002 -6.003, -81.783997 -6.655, -81.549004 -7.306, -81.375 -7.988, -81.041 -8.665, -80.700996 -9.434, -80.367996 -9.921, -79.997002 -10.56, -79.617996 -11.291, -79.147003 -11.89, -78.665001 -12.641, -78.406998 -13.014, -78.148003 -13.387, -77.639 -13.914, -77.125 -14.467, -76.764999 -14.843, -76.403 -15.219, -75.916 -15.736)",638,South American:Nazca,Convergent Boundary,14.485533499094887
"LINESTRING (65.928001 -13.979, 66.208 -14.339, 66.487999 -14.698, 66.888 -15.27, 67.290001 -15.821, 67.383003 -15.942)",639,African:Australian,Divergent Boundary,2.444008355077709
"LINESTRING (67.383003 -15.942, 67.032997 -16.139)",640,African:Australian,Transform Boundary,0.4016380147247832
"LINESTRING (-13.384 -15.688, -13.239 -16.212)",641,African:South American,Divergent Boundary,0.5436920377712815
"LINESTRING (-112.765999 -14.704, -112.869003 -15.248, -112.973 -15.792, -113.066002 -16.351)",642,Pacific:Nazca,Divergent Boundary,1.674200241089842
"LINESTRING (-113.066002 -16.351, -112.973 -16.361)",643,Pacific:Nazca,Transform Boundary,0.09353841960120331
"LINESTRING (-13.239 -16.212, -13.77 -16.323, -14.302 -16.433001)",644,African:South American,Transform Boundary,1.085730679867078
"LINESTRING (67.032997 -16.139, 67.410004 -16.659)",645,African:Australian,Divergent Boundary,0.6422884092184427
"LINESTRING (-112.973 -16.361, -113.165001 -16.67)",646,Pacific:Nazca,Divergent Boundary,0.3637932444663061
"LINESTRING (-113.165001 -16.67, -113.041 -16.683001)",647,Pacific:Nazca,Transform Boundary,0.12468018631692265
"LINESTRING (-14.302 -16.433001, -14.238 -16.764)",648,African:South American,Divergent Boundary,0.337129949350383
"LINESTRING (-14.238 -16.764, -14.369 -16.777)",649,African:South American,Transform Boundary,0.13164402188536004
"LINESTRING (-113.041 -16.683001, -113.240997 -17.052)",650,Pacific:Nazca,Divergent Boundary,0.41971346893236017
"LINESTRING (-113.240997 -17.052, -113.116997 -17.065001)",651,Pacific:Nazca,Transform Boundary,0.12468018631692265
"LINESTRING (-113.116997 -17.065001, -113.329002 -17.521)",652,Pacific:Nazca,Divergent Boundary,0.5028735524814019
"LINESTRING (-113.329002 -17.521, -113.174004 -17.538)",653,Pacific:Nazca,Transform Boundary,0.15592827982191393
"LINESTRING (-113.174004 -17.538, -113.388 -17.993999)",654,Pacific:Nazca,Divergent Boundary,0.5037162865379928
"LINESTRING (-14.079 -17.995001, -13.519 -17.893, -12.96 -17.790001)",655,African:South American,Transform Boundary,1.1376239668059718
"LINESTRING (-14.369 -16.777, -14.224 -17.386, -14.079 -17.995001)",656,African:South American,Divergent Boundary,1.2520483145453223
"LINESTRING (-113.388 -17.993999, -113.264 -18.007999)",657,Pacific:Nazca,Transform Boundary,0.12478835856666287
"LINESTRING (67.410004 -16.659, 66.708 -17.09, 66.142998 -17.450001, 65.542 -17.783001, 65.007004 -18.058001)",658,African:Australian,Transform Boundary,2.7823221409757894
"LINESTRING (-113.264 -18.007999, -113.383003 -18.444, -113.519997 -18.757999)",659,Pacific:Nazca,Divergent Boundary,0.7945320332887356
"LINESTRING (-113.519997 -18.757999, -113.363998 -18.777)",660,Pacific:Nazca,Transform Boundary,0.15715115611862882
"LINESTRING (-12.759 -18.785, -12.477 -18.747)",661,African:South American,Transform Boundary,0.2845483719276171
"LINESTRING (-12.96 -17.790001, -12.86 -18.287001, -12.759 -18.785)",662,African:South American,Divergent Boundary,1.015098306432928
"LINESTRING (-113.363998 -18.777, -113.623001 -19.285)",663,Pacific:Nazca,Divergent Boundary,0.5702155748171583
"LINESTRING (-113.623001 -19.285, -113.498001 -19.301001)",664,Pacific:Nazca,Transform Boundary,0.12601993439800965
"LINESTRING (-12.263 -19.934999, -11.945 -19.825001)",665,African:South American,Transform Boundary,0.33648716531402656
"LINESTRING (-12.477 -18.747, -12.37 -19.341, -12.263 -19.934999)",666,African:South American,Divergent Boundary,1.2071203952715965
"LINESTRING (66.428001 -20.077999, 66.750999 -19.870001)",667,African:Australian,Transform Boundary,0.3841757680132216
"LINESTRING (65.007004 -18.058001, 65.264 -18.443001, 65.522003 -18.827999, 66.032997 -19.577, 66.428001 -20.077999)",668,African:Australian,Divergent Boundary,2.4710437916854096
"LINESTRING (67.040001 -20.218, 67.309998 -20.073)",669,African:Australian,Transform Boundary,0.30646911746778516
"LINESTRING (66.750999 -19.870001, 67.040001 -20.218)",670,African:Australian,Divergent Boundary,0.4523555563820416
"LINESTRING (-11.945 -19.825001, -11.852 -20.278)",671,African:South American,Divergent Boundary,0.4624468589895956
"LINESTRING (-11.852 -20.278, -11.971 -20.299)",672,African:South American,Transform Boundary,0.1208382085802233
"LINESTRING (67.593002 -20.368999, 67.767998 -20.280001)",673,African:Australian,Transform Boundary,0.1963267256565291
"LINESTRING (67.309998 -20.073, 67.593002 -20.368999)",674,African:Australian,Divergent Boundary,0.4095209575024486
"LINESTRING (67.897003 -20.469, 68.212997 -20.291)",675,African:Australian,Transform Boundary,0.3626791895737868
"LINESTRING (67.767998 -20.280001, 67.897003 -20.469)",676,African:Australian,Divergent Boundary,0.2288298285551326
"LINESTRING (68.212997 -20.291, 68.558998 -20.712)",677,African:Australian,Divergent Boundary,0.5449376722216561
"LINESTRING (68.558998 -20.712, 68.277 -20.878)",678,African:Australian,Transform Boundary,0.3272289926236452
"LINESTRING (-11.971 -20.299, -11.763 -21.176001)",679,African:South American,Divergent Boundary,0.9013292934848907
"LINESTRING (-11.763 -21.176001, -12.007 -21.209)",680,African:South American,Transform Boundary,0.24622174736484972
"LINESTRING (-12.007 -21.209, -11.849 -21.735001)",681,African:South American,Divergent Boundary,0.549218557866715
"LINESTRING (-11.849 -21.735001, -11.936 -21.752001)",682,African:South American,Transform Boundary,0.08864529403065112
"LINESTRING (-75.916 -15.736, -75.292 -16.33, -74.609001 -16.823, -73.948997 -17.374001, -73.400002 -17.747, -72.737 -18.257, -72.265999 -18.722, -71.746002 -19.298, -71.487 -19.811001, -71.362 -20.249001, -71.322998 -20.757999, -71.249001 -21.261999, -71.306999 -21.965)",683,South American:Nazca,Convergent Boundary,8.257123126366912
"LINESTRING (68.277 -20.878, 68.653 -21.448999, 69.202003 -22.087999)",684,African:Australian,Divergent Boundary,1.5261303017968444
"LINESTRING (-113.498001 -19.301001, -113.696999 -19.968, -113.795998 -20.320999, -113.931 -20.573999, -114.086998 -20.599001, -114.228996 -21.121, -114.318001 -21.563999, -114.378998 -21.627001, -114.420998 -22.115)",685,Pacific:Nazca,Divergent Boundary,3.0777401330581164
"LINESTRING (-11.936 -21.752001, -11.819 -22.153)",686,African:South American,Divergent Boundary,0.4177190037960961
"LINESTRING (-11.819 -22.153, -12.364 -22.267, -12.91 -22.379)",687,African:South American,Transform Boundary,1.1141636911459636
"LINESTRING (69.202003 -22.087999, 68.796997 -22.386999)",688,African:Australian,Transform Boundary,0.5034193712809728
"LINESTRING (-12.91 -22.379, -12.851 -22.629999)",689,African:South American,Divergent Boundary,0.25784050539760833
"LINESTRING (-12.851 -22.629999, -13.34 -22.73, -13.829 -22.829)",690,African:South American,Transform Boundary,0.9980419505922882
"LINESTRING (-114.420998 -22.115, -114.504997 -22.195999, -114.498001 -22.542999, -114.567001 -23.024)",691,Pacific:Nazca,Divergent Boundary,0.9496866341596135
"LINESTRING (-114.567001 -23.024, -114.875 -23.040001)",692,Pacific:Nazca,Transform Boundary,0.30841400193251056
"LINESTRING (166.154007 -13.779, 166.160995 -13.828, 166.203995 -13.991, 166.233994 -14.181, 166.25 -14.345, 166.251999 -14.42, 166.268005 -14.559, 166.270996 -14.686, 166.261993 -14.889, 166.212997 -15.041, 166.227997 -15.13, 166.216995 -15.244, 166.192993 -15.345, 166.209 -15.434, 166.225006 -15.56, 166.227005 -15.674, 166.270004 -15.799, 166.285004 -15.887, 166.339996 -15.975, 166.395004 -16.087, 166.449997 -16.187, 166.505997 -16.299999, 166.561996 -16.438, 166.604004 -16.538, 166.658997 -16.625, 166.727997 -16.737, 166.809998 -16.836, 166.867996 -16.987, 166.949997 -17.098, 167.059006 -17.209, 167.154999 -17.306999, 167.171005 -17.396, 167.214996 -17.521, 167.244995 -17.632999, 167.274994 -17.759001, 167.320007 -17.922001, 167.350006 -18.021999, 167.393997 -18.146999, 167.423996 -18.247, 167.455002 -18.360001, 167.485992 -18.486, 167.503998 -18.611, 167.520996 -18.712, 167.606995 -18.886, 167.679993 -19.048, 167.727005 -19.236, 167.811996 -19.372, 167.886002 -19.533001, 167.942993 -19.632, 168.003006 -19.768999, 168.074997 -19.893, 168.160004 -20.003, 168.190994 -20.09, 168.263 -20.201, 168.335007 -20.325001, 168.395996 -20.474001, 168.511993 -20.646, 168.585007 -20.781, 168.645004 -20.893, 168.705002 -21.016001, 168.776001 -21.101, 168.878998 -21.261, 168.996002 -21.42, 169.054001 -21.506001, 169.143005 -21.639999, 169.214996 -21.725, 169.287994 -21.823, 169.320007 -21.909, 169.419006 -21.98, 169.490997 -22.052, 169.576996 -22.124001, 169.718994 -22.23, 169.835007 -22.35, 169.949997 -22.445, 170.035995 -22.516001, 170.108994 -22.587, 170.220993 -22.643999, 170.320999 -22.702, 170.419998 -22.759001, 170.546997 -22.827, 170.660004 -22.884001, 170.744995 -22.917, 170.841995 -22.948999, 170.938995 -22.968, 171.037003 -23, 171.162003 -23.030001, 171.287994 -23.072001, 171.384995 -23.091, 171.496002 -23.110001, 171.619995 -23.127001, 171.703003 -23.146, 171.854004 -23.149, 171.949997 -23.155001, 172.059998 -23.173, 172.197006 -23.176001, 172.278 -23.171, 172.360992 -23.177, 172.438995 -23.177999)",693,Pacific:Australian,Convergent Boundary,12.45446766019602
"LINESTRING (-114.875 -23.040001, -114.961998 -23.179001)",694,Pacific:Nazca,Divergent Boundary,0.16398058671339902
"LINESTRING (-114.961998 -23.179001, -115.182999 -23.237)",695,Pacific:Nazca,Transform Boundary,0.22848444333822665
"LINESTRING (-115.182999 -23.237, -115.253998 -23.396999)",696,Pacific:Nazca,Divergent Boundary,0.17504522230416947
"LINESTRING (-115.253998 -23.396999, -115.598999 -23.468)",697,Pacific:Nazca,Transform Boundary,0.35223144588038546
"LINESTRING (-13.664 -23.544001, -13.57 -23.514)",698,African:South American,Transform Boundary,0.09867124965865143
"LINESTRING (-13.829 -22.829, -13.664 -23.544001)",699,African:South American,Divergent Boundary,0.7337918779836207
"LINESTRING (68.796997 -22.386999, 69.162003 -22.83, 69.557999 -23.372999, 69.849998 -23.709)",700,African:Australian,Divergent Boundary,1.69121160835233
"LINESTRING (-174.985001 -23.75, -174.841995 -23.513, -174.662994 -23.221001, -174.488998 -22.906, -174.322998 -22.617001, -174.139008 -22.290001, -173.951996 -21.915001, -173.817993 -21.525999, -173.703003 -21.247999, -173.550995 -20.893, -173.403 -20.586, -173.218002 -20.204, -173.052994 -19.778999, -172.970001 -19.461, -172.873993 -19.070999, -172.785995 -18.777, -172.697998 -18.483, -172.591003 -18.152, -172.539993 -17.934999, -172.445007 -17.677, -172.373993 -17.271, -172.335007 -16.962999, -172.311005 -16.716, -172.307007 -16.332001, -172.300003 -16.041, -172.330994 -15.732, -172.354996 -15.561, -172.427994 -15.373, -172.602005 -15.151, -172.774002 -15.033, -172.938995 -14.867, -173.130005 -14.785, -173.272995 -14.697, -173.406998 -14.584)",701,Pacific:Australian,Convergent Boundary,10.222631702480827
"LINESTRING (-111.712997 -24.032, -111.763 -23.860001, -111.832001 -23.728001, -111.863998 -23.475, -111.871002 -23.327, -111.740997 -23.209, -111.924004 -23.016001, -112.208 -22.820999)",702,Nazca,Divergent Boundary,1.5172884666463493
"LINESTRING (69.849998 -23.709, 69.402 -24.040001)",703,African:Australian,Transform Boundary,0.5570135525449863
"LINESTRING (-115.598999 -23.468, -115.424004 -23.884001, -115.402 -24.017, -115.482002 -24.105)",704,Pacific:Nazca,Divergent Boundary,0.705045389085843
"LINESTRING (-112.098 -24.110001, -111.712997 -24.032)",705,Nazca,Transform Boundary,0.39282413991873877
"LINESTRING (-115.482002 -24.105, -115.912003 -24.242001)",706,Pacific:Nazca,Transform Boundary,0.4512976256407421
"LINESTRING (-115.912003 -24.242001, -115.968002 -24.382999)",707,Pacific:Nazca,Divergent Boundary,0.1517123776997563
"LINESTRING (-115.968002 -24.382999, -116.183998 -24.458)",708,Pacific:Nazca,Transform Boundary,0.22864666003604245
"LINESTRING (69.402 -24.040001, 69.68 -24.368999, 69.939003 -24.677999)",709,African:Australian,Divergent Boundary,0.8339164751118928
"LINESTRING (-13.57 -23.514, -13.426 -24.146, -13.28 -24.777)",710,African:South American,Divergent Boundary,1.2958684084697532
"LINESTRING (-116.183998 -24.458, -116.224998 -24.556, -116.098999 -24.847)",711,Pacific:Nazca,Divergent Boundary,0.42333798294196107
"LINESTRING (-13.28 -24.777, -13.811 -24.886999)",712,African:South American,Transform Boundary,0.5422737880605996
"LINESTRING (69.939003 -24.677999, 69.592003 -24.969999)",713,African:Australian,Transform Boundary,0.4535118272073965
"LINESTRING (-111.977997 -25.027, -111.976997 -24.891001, -112.047997 -24.659, -112.102997 -24.448, -112.123001 -24.222, -112.098 -24.110001)",714,Nazca,Divergent Boundary,0.93831505718955
"LINESTRING (-112.453003 -25.059, -111.977997 -25.027)",715,Nazca,Transform Boundary,0.47608273665027684
"LINESTRING (-116.098999 -24.847, -116.489998 -25.172001)",716,Pacific:Nazca,Transform Boundary,0.5084344484582343
"LINESTRING (69.592003 -24.969999, 70.089996 -25.483)",717,African:Australian,Divergent Boundary,0.7149594367391847
"LINESTRING (-13.811 -24.886999, -13.663 -25.648001)",718,African:South American,Divergent Boundary,0.7752595340020215
"LINESTRING (70.089996 -25.483, 69.959999 -25.650999)",719,African:Australian,Transform Boundary,0.21242184358881092
"LINESTRING (69.489998 -25.676001, 69.959999 -25.650999)",720,African:Antarctic,Divergent Boundary,0.4706657241988646
"LINESTRING (-13.663 -25.648001, -14.049 -25.738001)",721,African:South American,Transform Boundary,0.39635309992091117
"LINESTRING (69.459999 -25.782, 69.489998 -25.676001)",722,African:Antarctic,Transform Boundary,0.11016221292595473
"LINESTRING (69.138 -25.784, 69.459999 -25.782)",723,African:Antarctic,Divergent Boundary,0.3220048118317031
"LINESTRING (-112.455002 -25.785999, -112.436996 -25.683001, -112.363998 -25.664, -112.365997 -25.563999, -112.388 -25.429001, -112.443001 -25.198, -112.453003 -25.059)",724,Nazca,Divergent Boundary,0.7936088260145957
"LINESTRING (-112.541 -25.787001, -112.455002 -25.785999)",725,Nazca,Transform Boundary,0.08600436456375789
"LINESTRING (-112.550003 -25.926001, -112.541 -25.787001)",726,Nazca,Divergent Boundary,0.13929117435814495
"LINESTRING (-112.620003 -25.934, -112.550003 -25.926001)",727,Nazca,Transform Boundary,0.07045529058100194
"LINESTRING (69.150002 -25.993, 69.138 -25.784)",728,African:Antarctic,Transform Boundary,0.20934390824020363
"LINESTRING (68.829002 -26.009001, 69.150002 -25.993)",729,African:Antarctic,Divergent Boundary,0.32139768971044713
"LINESTRING (70.408997 -26.059999, 70.665001 -25.912001)",730,Australian:Antarctic,Transform Boundary,0.2957057094063223
"LINESTRING (69.959999 -25.650999, 70.408997 -26.059999)",731,Australian:Antarctic,Divergent Boundary,0.6073549838351014
"LINESTRING (68.82 -26.141001, 68.829002 -26.009001)",732,African:Antarctic,Transform Boundary,0.1323066143494011
"LINESTRING (68.598 -26.121, 68.82 -26.141001)",733,African:Antarctic,Divergent Boundary,0.22289924285653032
"LINESTRING (70.994003 -26.187, 71.135002 -26.083)",734,Australian:Antarctic,Transform Boundary,0.17520471512228578
"LINESTRING (70.665001 -25.912001, 70.994003 -26.187)",735,Australian:Antarctic,Divergent Boundary,0.428797569947132
"LINESTRING (68.622002 -26.263, 68.598 -26.121)",736,African:Antarctic,Transform Boundary,0.14401442956736887
"LINESTRING (67.978996 -26.291, 68.622002 -26.263)",737,African:Antarctic,Divergent Boundary,0.6436147144537466
"LINESTRING (71.580002 -26.454, 71.717003 -26.386)",738,Australian:Antarctic,Transform Boundary,0.15294898533566442
"LINESTRING (71.135002 -26.083, 71.580002 -26.454)",739,Australian:Antarctic,Divergent Boundary,0.579366847453705
"LINESTRING (67.961998 -26.583, 67.978996 -26.291)",740,African:Antarctic,Transform Boundary,0.292494162916428
"LINESTRING (67.432999 -26.572001, 67.961998 -26.583)",741,African:Antarctic,Divergent Boundary,0.5291136769155995
"LINESTRING (-13.816 -26.586, -13.69 -26.563999)",742,African:South American,Transform Boundary,0.12790683123837596
"LINESTRING (-14.049 -25.738001, -13.816 -26.586)",743,African:South American,Divergent Boundary,0.8794271900013214
"LINESTRING (71.717003 -26.386, 72.066002 -26.656)",744,Australian:Antarctic,Divergent Boundary,0.44124887018853
"LINESTRING (72.066002 -26.656, 72.008003 -26.718)",745,Australian:Antarctic,Transform Boundary,0.08489922441353596
"LINESTRING (-116.489998 -25.172001, -116.352997 -25.416, -116.028 -25.674, -115.768997 -25.968, -115.517998 -26.243, -115.291 -26.466, -115.105003 -26.604, -114.526001 -26.725, -113.944 -26.790001)",746,Pacific:Nazca,Divergent Boundary,3.185862752589233
"LINESTRING (-112.683998 -26.801001, -112.657997 -26.554001, -112.682999 -26.282, -112.671997 -26.038, -112.620003 -25.934)",747,Nazca,Divergent Boundary,0.8820328338597928
"LINESTRING (-112.946999 -26.724001, -112.683998 -26.801001)",748,Nazca,Transform Boundary,0.27404051734318996
"LINESTRING (-112.975998 -26.83, -112.946999 -26.724001)",749,Pacific:Nazca,Divergent Boundary,0.10989425553407732
"LINESTRING (-113.944 -26.790001, -113.608002 -26.809, -112.975998 -26.83)",750,Pacific:Nazca,Transform Boundary,0.9688878354193938
"LINESTRING (67.424004 -26.870001, 67.432999 -26.572001)",751,African:Antarctic,Transform Boundary,0.298136060951212
"LINESTRING (67.155998 -26.867001, 67.424004 -26.870001)",752,African:Antarctic,Divergent Boundary,0.26802216423082764
"LINESTRING (67.128998 -27.268999, 67.155998 -26.867001)",753,African:Antarctic,Transform Boundary,0.4029042475034256
"LINESTRING (66.373001 -27.281, 67.128998 -27.268999)",754,African:Antarctic,Divergent Boundary,0.7560919529737196
"LINESTRING (66.359001 -27.514, 66.373001 -27.281)",755,African:Antarctic,Transform Boundary,0.23342001965586814
"LINESTRING (65.348 -27.514, 66.359001 -27.514)",756,African:Antarctic,Divergent Boundary,1.011001586254224
"LINESTRING (72.919998 -27.573, 73.123001 -27.445999)",757,Australian:Antarctic,Transform Boundary,0.23945645772815732
"LINESTRING (72.008003 -26.718, 72.462997 -27.146, 72.919998 -27.573)",758,Australian:Antarctic,Divergent Boundary,1.2501053521545313
"LINESTRING (-112.975998 -26.83, -113.112 -27.014, -113.128998 -27.273001, -113.133003 -27.577)",759,Pacific:Nazca,Divergent Boundary,0.7923898642368838
"LINESTRING (-113.133003 -27.577, -113.000999 -27.607)",760,Pacific:Nazca,Transform Boundary,0.13537001216021266
"LINESTRING (73.399002 -27.655001, 73.533997 -27.57)",761,Australian:Antarctic,Transform Boundary,0.15952644141057845
"LINESTRING (73.123001 -27.445999, 73.399002 -27.655001)",762,Australian:Antarctic,Divergent Boundary,0.3462054062232373
"LINESTRING (65.332001 -27.812, 65.348 -27.514)",763,African:Antarctic,Transform Boundary,0.2984294945771811
"LINESTRING (63.604 -27.830999, 64.467003 -27.816999, 65.332001 -27.812)",764,African:Antarctic,Divergent Boundary,1.7281286356894083
"LINESTRING (63.620998 -28.039, 63.604 -27.830999)",765,African:Antarctic,Transform Boundary,0.2086935977960673
"LINESTRING (63.194 -28.021, 63.620998 -28.039)",766,African:Antarctic,Divergent Boundary,0.4273773484995627
"LINESTRING (63.210999 -28.164, 63.194 -28.021)",767,African:Antarctic,Transform Boundary,0.14400639401263127
"LINESTRING (62.702999 -28.153, 63.210999 -28.164)",768,African:Antarctic,Divergent Boundary,0.508118493774682
"LINESTRING (73.533997 -27.57, 73.968002 -27.944, 74.405998 -28.316999)",769,Australian:Antarctic,Divergent Boundary,1.1482189475064186
"LINESTRING (-13.272 -28.320999, -12.746 -28.212999)",770,African:South American,Transform Boundary,0.5369729796063398
"LINESTRING (-13.69 -26.563999, -13.482 -27.443001, -13.272 -28.320999)",771,African:South American,Divergent Boundary,1.8060390437307605
"LINESTRING (-113.000999 -27.607, -112.971001 -27.85, -112.955002 -28.129, -112.933998 -28.379)",772,Pacific:Nazca,Divergent Boundary,0.7751831589517403
"LINESTRING (-112.933998 -28.379, -113.010002 -28.382999)",773,Pacific:Nazca,Transform Boundary,0.07610919769708113
"LINESTRING (62.745998 -28.458, 62.702999 -28.153)",774,African:Antarctic,Transform Boundary,0.3080164336641723
"LINESTRING (62.134998 -28.49, 62.745998 -28.458)",775,African:Antarctic,Divergent Boundary,0.6118374359726866
"LINESTRING (74.405998 -28.316999, 74.192001 -28.541)",776,Australian:Antarctic,Transform Boundary,0.30979200233534104
"LINESTRING (62.161999 -28.811001, 62.134998 -28.49)",777,African:Antarctic,Transform Boundary,0.32213459711369935
"LINESTRING (61.518002 -28.777, 62.161999 -28.811001)",778,African:Antarctic,Divergent Boundary,0.6448941079882191
"LINESTRING (61.532001 -28.92, 61.518002 -28.777)",779,African:Antarctic,Transform Boundary,0.14368332507008147
"LINESTRING (60.810001 -28.931, 61.532001 -28.92)",780,African:Antarctic,Divergent Boundary,0.7220839071557359
"LINESTRING (-12.746 -28.212999, -12.533 -28.941)",781,African:South American,Divergent Boundary,0.7585209683767158
"LINESTRING (-113.010002 -28.382999, -113.021004 -28.549, -113.019997 -28.787001, -112.956001 -29.009001)",782,Pacific:Nazca,Divergent Boundary,0.6354074834140466
"LINESTRING (-12.533 -28.941, -13.262 -29.098, -13.99 -29.250999)",783,African:South American,Transform Boundary,1.4896179854952156
"LINESTRING (74.192001 -28.541, 74.592003 -28.903, 74.994003 -29.264)",784,Australian:Antarctic,Divergent Boundary,1.0797869440046537
"LINESTRING (-112.956001 -29.009001, -112.366997 -29.16, -111.806 -29.266001)",785,Pacific:Nazca,Transform Boundary,1.1789755086915275
"LINESTRING (74.994003 -29.264, 74.938004 -29.327999)",786,Australian:Antarctic,Transform Boundary,0.08504038564389955
"LINESTRING (74.938004 -29.327999, 75.554001 -29.839001)",787,Australian:Antarctic,Divergent Boundary,0.8003594904311121
"LINESTRING (-13.82 -29.851, -13.716 -29.827999)",788,African:South American,Transform Boundary,0.10651315453109074
"LINESTRING (-13.99 -29.250999, -13.82 -29.851)",789,African:South American,Divergent Boundary,0.6236188612022874
"LINESTRING (60.762001 -29.999001, 60.785999 -29.465, 60.810001 -28.931)",790,African:Antarctic,Transform Boundary,1.0690789156125082
"LINESTRING (75.554001 -29.839001, 75.363998 -30.006001)",791,Australian:Antarctic,Transform Boundary,0.25296218413272564
"LINESTRING (60.747002 -30.014, 60.762001 -29.999001)",792,African:Antarctic,Divergent Boundary,0.021212340072673717
"LINESTRING (75.363998 -30.006001, 75.514999 -30.118)",793,Australian:Antarctic,Divergent Boundary,0.18800315309750446
"LINESTRING (75.514999 -30.118, 75.392998 -30.24)",794,Australian:Antarctic,Transform Boundary,0.17253503696477585
"LINESTRING (60.763 -30.531, 60.747002 -30.014)",795,African:Antarctic,Transform Boundary,0.5172476853851008
"LINESTRING (59.188 -30.566999, 60.005001 -30.561001, 60.763 -30.531)",796,African:Antarctic,Divergent Boundary,1.5756162472168327
"LINESTRING (75.392998 -30.24, 75.796997 -30.573, 76.204002 -30.906)",797,Australian:Antarctic,Divergent Boundary,1.0494230087507477
"LINESTRING (76.204002 -30.906, 76.148003 -30.969999)",798,Australian:Antarctic,Transform Boundary,0.08504038564389955
"LINESTRING (59.167 -31.049999, 59.188 -30.566999)",799,African:Antarctic,Transform Boundary,0.48345610468990385
"LINESTRING (58.529999 -31.055, 59.167 -31.049999)",800,African:Antarctic,Divergent Boundary,0.6370206690498238
"LINESTRING (-13.716 -29.827999, -13.543 -30.490999, -13.367 -31.157)",801,African:South American,Divergent Boundary,1.3740625258228998
"LINESTRING (-13.367 -31.157, -13.499 -31.179001)",802,African:South American,Transform Boundary,0.1338209542888174
"LINESTRING (-111.806 -29.266001, -111.749001 -29.579, -111.773003 -30.025, -111.775002 -30.187, -111.796997 -30.424999, -111.850998 -30.624001, -111.885002 -30.666, -111.950996 -31.045, -111.977997 -31.386)",803,Pacific:Nazca,Divergent Boundary,2.1528249967008435
"LINESTRING (-111.977997 -31.386, -111.963997 -31.389999)",804,Pacific:Nazca,Transform Boundary,0.014560081357170738
"LINESTRING (76.148003 -30.969999, 76.689003 -31.465)",805,Australian:Antarctic,Divergent Boundary,0.7332852292465417
"LINESTRING (-111.963997 -31.389999, -112.023003 -31.535999)",806,Pacific:Nazca,Divergent Boundary,0.15747269723408658
"LINESTRING (58.456001 -31.691, 58.529999 -31.055)",807,African:Antarctic,Transform Boundary,0.6402899515382127
"LINESTRING (76.689003 -31.465, 76.394997 -31.719)",808,Australian:Antarctic,Transform Boundary,0.38853003148072324
"LINESTRING (57.153 -31.771, 57.799999 -31.722, 58.456001 -31.691)",809,African:Antarctic,Divergent Boundary,1.305586288593731
"LINESTRING (-13.499 -31.179001, -13.371 -31.660999, -13.245 -32.143002)",810,African:South American,Divergent Boundary,0.996903679629894
"LINESTRING (-112.023003 -31.535999, -112.041 -31.774, -112.063004 -31.948, -112.065002 -32.113998, -112.151001 -32.342999)",811,Pacific:Nazca,Divergent Boundary,0.8246919643163841
"LINESTRING (-112.151001 -32.342999, -112.356003 -32.327999)",812,Pacific:Nazca,Other,0.20554982944923764
"LINESTRING (-13.245 -32.143002, -13.883 -32.275002, -14.523 -32.400002)",813,African:South American,Transform Boundary,1.3036047449558432
"LINESTRING (76.394997 -31.719, 76.811996 -32.09, 77.233002 -32.459, 77.657997 -32.827999, 78.085999 -33.194)",814,Australian:Antarctic,Divergent Boundary,2.243962876618806
"LINESTRING (-14.523 -32.400002, -14.446 -32.897999, -14.367 -33.499001)",815,African:South American,Divergent Boundary,1.1100866461188956
"LINESTRING (57.061001 -33.554001, 57.091 -32.834999, 57.122002 -32.303001, 57.153 -31.771)",816,African:Antarctic,Transform Boundary,1.785431368555888
"LINESTRING (-14.367 -33.499001, -14.702 -33.569)",817,African:South American,Transform Boundary,0.3422352737353543
"LINESTRING (-112.356003 -32.327999, -112.415001 -32.488998, -112.417999 -32.793999, -112.442001 -33.112, -112.459999 -33.398998, -112.503998 -33.650002)",818,Pacific:Nazca,Divergent Boundary,1.3377820723673057
"LINESTRING (55.737999 -33.653, 56.401001 -33.626999, 57.061001 -33.554001)",819,African:Antarctic,Divergent Boundary,1.3275361419597838
"LINESTRING (-112.503998 -33.650002, -112.603996 -33.662998)",820,Pacific:Nazca,Other,0.1008395172689098
"LINESTRING (78.085999 -33.194, 77.351997 -33.838001)",821,Australian:Antarctic,Transform Boundary,0.9764706857438551
"LINESTRING (-14.702 -33.569, -14.515 -34.042999)",822,African:South American,Divergent Boundary,0.5095525683183129
"LINESTRING (55.699001 -34.235001, 55.737999 -33.653)",823,African:Antarctic,Transform Boundary,0.5833058113047429
"LINESTRING (-14.515 -34.042999, -15.274 -34.237999)",824,African:South American,Transform Boundary,0.7836489103695384
"LINESTRING (55.300999 -34.286999, 55.699001 -34.235001)",825,African:Antarctic,Divergent Boundary,0.4013849719708911
"LINESTRING (-109.259003 -34.544998, -109.277 -34.203999, -109.269997 -33.917, -109.205002 -33.702, -109.322998 -33.391998, -109.410004 -33.139999, -109.182999 -33.02, -108.972 -32.937, -109.206001 -32.660999)",826,Nazca,Divergent Boundary,2.296815989806674
"LINESTRING (55.275002 -34.561001, 55.300999 -34.286999)",827,African:Antarctic,Transform Boundary,0.2752326097018314
"LINESTRING (54.255001 -34.542, 55.275002 -34.561001)",828,African:Antarctic,Divergent Boundary,1.02017742125999
"LINESTRING (-109.691002 -34.609001, -109.259003 -34.544998)",829,Antarctic:Nazca,Transform Boundary,0.4367146628486484
"LINESTRING (-15.274 -34.237999, -15.083 -34.689999)",830,African:South American,Divergent Boundary,0.4906981664663801
"LINESTRING (-15.083 -34.689999, -15.266 -34.77)",831,African:South American,Transform Boundary,0.19972268461587014
"LINESTRING (77.351997 -33.838001, 77.917 -34.324001, 78.487999 -34.806999)",832,Australian:Antarctic,Divergent Boundary,1.4931492834310245
"LINESTRING (78.487999 -34.806999, 78.442001 -34.841999)",833,Australian:Antarctic,Transform Boundary,0.05779939726622708
"LINESTRING (-110.827003 -35.091, -110.527 -35.061001, -110.325996 -34.945999, -110.140999 -34.817001, -109.918999 -34.702, -109.691002 -34.609001)",834,Antarctic:Nazca,Divergent Boundary,1.254861123031973
"LINESTRING (-112.603996 -33.662998, -112.627998 -33.999001, -112.561996 -34.299999, -112.417 -34.556, -112.186996 -34.674, -111.755997 -34.811001, -111.399002 -34.911999, -111.125999 -34.994999, -110.827003 -35.091)",835,Pacific:Nazca,Divergent Boundary,2.620353472032762
"LINESTRING (-108.796997 -35.132, -109.259003 -34.544998)",836,Antarctic:Nazca,Divergent Boundary,0.7470075653493573
"LINESTRING (78.442001 -34.841999, 78.803001 -35.160999)",837,Australian:Antarctic,Divergent Boundary,0.48174910433325774
"LINESTRING (-15.266 -34.77, -15.1 -35.181999)",838,African:South American,Divergent Boundary,0.4441832660799099
"LINESTRING (54.216 -35.301998, 54.255001 -34.542)",839,African:Antarctic,Transform Boundary,0.7609983983443988
"LINESTRING (53.471001 -35.516998, 54.216 -35.301998)",840,African:Antarctic,Divergent Boundary,0.7754021375981687
"LINESTRING (-15.1 -35.181999, -16.027 -35.342999, -16.962 -35.499001, -17.702999 -35.662998)",841,African:South American,Transform Boundary,2.647731778480097
"LINESTRING (78.803001 -35.160999, 78.200996 -35.682999)",842,Australian:Antarctic,Transform Boundary,0.7968019556498696
"LINESTRING (-110.894997 -35.797001, -110.876999 -35.319, -110.827003 -35.091)",843,Pacific:Antarctic,Divergent Boundary,0.7117570736132615
"LINESTRING (-110.579002 -35.830002, -110.894997 -35.797001)",844,Pacific:Antarctic,Transform Boundary,0.3177128201527436
"LINESTRING (53.466 -36.140999, 53.471001 -35.516998)",845,African:Antarctic,Transform Boundary,0.6240205891554286
"LINESTRING (52.338001 -36.161999, 52.902 -36.153, 53.466 -36.140999)",846,African:Antarctic,Divergent Boundary,1.128197805273233
"LINESTRING (-97.402 -36.293999, -98.417 -36.193001, -99.531998 -36.132999, -100.644997 -36.063, -101.286003 -35.997002, -101.926003 -35.926998, -102.565002 -35.854, -103.202003 -35.778, -103.998001 -35.694, -104.792999 -35.605, -105.390999 -35.523998, -105.987999 -35.438999, -106.666 -35.394001, -107.343002 -35.345001, -108.070999 -35.240002, -108.796997 -35.132)",847,Antarctic:Nazca,Transform Boundary,11.459353914904096
"LINESTRING (-110.738998 -36.358002, -110.714996 -36.219002, -110.579002 -35.830002)",848,Pacific:Antarctic,Divergent Boundary,0.5531435503838824
"LINESTRING (-110.471001 -36.41, -110.738998 -36.358002)",849,Pacific:Antarctic,Transform Boundary,0.27299559751831703
"LINESTRING (-17.702999 -35.662998, -17.419001 -36.068001, -17.084999 -36.472)",850,African:South American,Divergent Boundary,1.0188411141333351
"LINESTRING (78.200996 -35.682999, 78.690002 -36.098, 79.183998 -36.511002)",851,Australian:Antarctic,Divergent Boundary,1.285264062537557
"LINESTRING (-17.084999 -36.472, -17.440001 -36.562)",852,African:South American,Transform Boundary,0.36623224467785814
"LINESTRING (-97.413002 -36.870998, -97.402 -36.293999)",853,Antarctic:Nazca,Divergent Boundary,0.5771045382828583
"LINESTRING (-94.129997 -37.000999, -94.910004 -36.985001, -95.689003 -36.965, -96.551003 -36.921001, -97.413002 -36.870998)",854,Antarctic:Nazca,Transform Boundary,3.28599678067232
"LINESTRING (-179.759046 -37.062276, -179.19527 -36.244685, -178.945709 -35.641281, -178.773193 -35.143962, -178.539001 -34.706001, -178.412994 -34.485001, -178.294006 -34.241001, -178.170158 -33.859369, -177.981003 -33.578999, -177.809998 -33.191002, -177.666 -32.695999, -177.527355 -32.34634, -177.420029 -32.013244, -177.300995 -31.792999, -177.108002 -31.452, -176.919006 -31.037001, -176.737304 -30.698973, -176.571234 -30.235361, -176.373343 -29.882029, -176.193052 -29.473842, -176.078003 -29.065001, -175.994995 -28.697001, -175.884995 -28.264, -175.785004 -27.784, -175.644426 -27.32962, -175.50745 -26.906949, -175.423004 -26.437, -175.414993 -26.025, -175.382004 -25.729, -175.296997 -25.426001, -175.261002 -25.142, -175.229004 -24.836, -175.209 -24.472, -175.102005 -24.07, -174.985001 -23.75)",855,Pacific:Australian,Convergent Boundary,14.301949200834434
"LINESTRING (-17.440001 -36.562, -17.333 -36.944, -17.233 -37.374001)",856,African:South American,Divergent Boundary,0.8381779096164159
"LINESTRING (52.283001 -37.431999, 52.311001 -36.797001, 52.338001 -36.161999)",857,African:Antarctic,Transform Boundary,1.2711912496210331
"LINESTRING (50.827 -37.451, 51.555 -37.442001, 52.283001 -37.431999)",858,African:Antarctic,Divergent Boundary,1.4561256050384372
"LINESTRING (-17.233 -37.374001, -17.533001 -37.472)",859,African:South American,Transform Boundary,0.3156019690310103
"LINESTRING (79.183998 -36.511002, 78.606003 -36.998001, 78.021004 -37.483002)",860,Australian:Antarctic,Transform Boundary,1.5157098924912624
"LINESTRING (50.823002 -37.580002, 50.827 -37.451)",861,African:Antarctic,Transform Boundary,0.12906354858877037
"LINESTRING (49.962002 -37.597, 50.823002 -37.580002)",862,African:Antarctic,Divergent Boundary,0.861167838411734
"LINESTRING (49.945 -37.790001, 49.962002 -37.597)",863,African:Antarctic,Transform Boundary,0.1937482335297567
"LINESTRING (49.036999 -37.792, 49.945 -37.790001)",864,African:Antarctic,Divergent Boundary,0.9080031465060129
"LINESTRING (49.034 -38, 49.036999 -37.792)",865,African:Antarctic,Transform Boundary,0.2080217929771515
"LINESTRING (78.021004 -37.483002, 78.706001 -38.000999)",866,Australian:Antarctic,Divergent Boundary,0.8588034208616483
"LINESTRING (78.706001 -38.000999, 78.181999 -38.393002)",867,Australian:Antarctic,Transform Boundary,0.6544034123136374
"LINESTRING (-17.051001 -38.446999, -16.799 -38.401001)",868,African:South American,Transform Boundary,0.2561643778136306
"LINESTRING (-17.533001 -37.472, -17.388 -38.025002, -17.051001 -38.446999)",869,African:South American,Divergent Boundary,1.111742163882734
"LINESTRING (48.016998 -38.478001, 48.632999 -38.014, 49.034 -38)",870,African:Antarctic,Divergent Boundary,1.1724482713115156
"LINESTRING (-93.074997 -38.429001, -93.996002 -38.481998)",871,Antarctic:Nazca,Transform Boundary,0.922528813527738
"LINESTRING (-93.996002 -38.481998, -94.093002 -37.716999, -94.129997 -37.000999)",872,Antarctic:Nazca,Divergent Boundary,1.4880792726343495
"LINESTRING (48.022999 -38.651001, 48.016998 -38.478001)",873,African:Antarctic,Transform Boundary,0.1731043691442972
"LINESTRING (78.181999 -38.393002, 78.528999 -38.659)",874,Australian:Antarctic,Divergent Boundary,0.43722359081395124
"LINESTRING (46.243999 -38.869999, 47.134998 -38.764, 48.022999 -38.651001)",875,African:Antarctic,Divergent Boundary,1.792443084269581
"LINESTRING (-91.657997 -38.866001, -92.339996 -38.917999, -93.022003 -38.966999)",876,Antarctic:Nazca,Transform Boundary,1.3677434002846267
"LINESTRING (-93.022003 -38.966999, -93.074997 -38.429001)",877,Antarctic:Nazca,Divergent Boundary,0.5406018889535894
"LINESTRING (-111.269997 -38.979, -111.267998 -38.877998, -111.067001 -38.276001, -110.869003 -37.674, -110.667999 -37.042, -110.471001 -36.41)",878,Pacific:Antarctic,Divergent Boundary,2.6945985754973645
"LINESTRING (-110.390999 -38.986, -111.269997 -38.979)",879,Pacific:Antarctic,Transform Boundary,0.8790256750796415
"LINESTRING (78.528999 -38.659, 78.072998 -39.005001)",880,Australian:Antarctic,Transform Boundary,0.5724103717052688
"LINESTRING (78.072998 -39.005001, 78.384003 -39.262001)",881,Australian:Antarctic,Divergent Boundary,0.40345119900131154
"LINESTRING (78.384003 -39.262001, 78.001999 -39.539001)",882,Australian:Antarctic,Transform Boundary,0.47186452288872216
"LINESTRING (-16.799 -38.401001, -16.361 -38.557999, -16.044001 -38.882999, -15.965 -39.352001, -15.922 -39.681)",883,African:South American,Divergent Boundary,1.7266905332891298
"LINESTRING (-15.922 -39.681, -16.415001 -39.790001)",884,African:South American,Transform Boundary,0.504907142753125
"LINESTRING (78.001999 -39.539001, 78.425003 -39.904999)",885,Australian:Antarctic,Divergent Boundary,0.5593626245151792
"LINESTRING (46.074001 -40.118999, 46.16 -39.493999, 46.243999 -38.869999)",886,African:Antarctic,Transform Boundary,1.2605178129942358
"LINESTRING (45.332001 -40.109001, 46.074001 -40.118999)",887,African:Antarctic,Divergent Boundary,0.7420679398800586
"LINESTRING (-16.415001 -39.790001, -16.469999 -40.272999)",888,African:South American,Divergent Boundary,0.48611911118654094
"LINESTRING (78.425003 -39.904999, 77.824997 -40.326)",889,Australian:Antarctic,Transform Boundary,0.7329730779064478
"LINESTRING (-16.469999 -40.272999, -16.867001 -40.366001)",890,African:South American,Transform Boundary,0.4077492329553947
"LINESTRING (45.303001 -40.366001, 45.332001 -40.109001)",891,African:Antarctic,Transform Boundary,0.25863090593069565
"LINESTRING (44.716 -40.368999, 45.303001 -40.366001)",892,African:Antarctic,Divergent Boundary,0.5870094580993477
"LINESTRING (44.686001 -40.691002, 44.716 -40.368999)",893,African:Antarctic,Transform Boundary,0.32339678294282764
"LINESTRING (44.022999 -40.671001, 44.686001 -40.691002)",894,African:Antarctic,Divergent Boundary,0.6633036171370122
"LINESTRING (44.008999 -40.915001, 44.022999 -40.671001)",895,African:Antarctic,Transform Boundary,0.24440078756037034
"LINESTRING (42.873001 -40.849998, 44.008999 -40.915001)",896,African:Antarctic,Divergent Boundary,1.1378559915094748
"LINESTRING (-90.087997 -41.057999, -90.738998 -41.082001, -91.390999 -41.103001)",897,Antarctic:Nazca,Transform Boundary,1.3037818250284277
"LINESTRING (-91.390999 -41.103001, -91.475998 -40.731998, -91.512001 -40.282001, -91.547997 -39.833, -91.603996 -39.348999, -91.657997 -38.866001)",898,Antarctic:Nazca,Divergent Boundary,2.255728636956184
"LINESTRING (-87.417 -41.272999, -88.446999 -41.319, -89.25 -41.377998, -90.054001 -41.431999)",899,Antarctic:Nazca,Transform Boundary,2.6420036600707033
"LINESTRING (-90.054001 -41.431999, -90.087997 -41.057999)",900,Antarctic:Nazca,Divergent Boundary,0.37554251228559615
"LINESTRING (-83.827003 -41.125, -84.487 -41.191002, -85.148003 -41.252998, -86.239998 -41.393002, -87.335999 -41.521)",901,Antarctic:Nazca,Transform Boundary,3.5315752295500027
"LINESTRING (-87.335999 -41.521, -87.417 -41.272999)",902,Antarctic:Nazca,Divergent Boundary,0.26089414083974216
"LINESTRING (79.989998 -41.891998, 80.463997 -41.512001, 80.931999 -41.130001)",903,Australian:Antarctic,Transform Boundary,1.2116248136424883
"LINESTRING (77.824997 -40.326, 78.484001 -40.866001, 78.658997 -40.872002, 79.319 -41.383999, 79.989998 -41.891998)",904,Australian:Antarctic,Divergent Boundary,2.7040068531671824
"LINESTRING (88.059998 -41.997002, 88.487999 -41.686001)",905,Australian:Antarctic,Transform Boundary,0.5290621080872184
"LINESTRING (85.859001 -40.834, 86.402 -41.129002, 86.949997 -41.421001, 87.501999 -41.709999, 88.059998 -41.997002)",906,Australian:Antarctic,Divergent Boundary,2.489457047879158
"MULTILINESTRING ((174.593298 -42.154571, 175.690997 -42.040835, 176.673004 -41.756001, 177.123001 -41.657001, 177.606995 -41.5, 178.014999 -41.188, 178.283997 -40.806999, 178.565994 -40.424, 178.792007 -40.087002, 178.949997 -39.685001, 179.125 -39.23, 179.214996 -38.889, 179.365997 -38.537998, 179.569 -38.203999, 180 -37.404451), (-180 -37.404451, -179.813352 -37.0582))",907,Pacific:Australian,Convergent Boundary,8.303771070948402
"LINESTRING (-110.954002 -42.249001, -110.832001 -41.355, -110.753998 -40.759998, -110.677002 -40.164001, -110.532997 -39.575001, -110.390999 -38.986)",908,Pacific:Antarctic,Divergent Boundary,3.3155541522517087
"LINESTRING (-111.348999 -42.200001, -110.954002 -42.249001)",909,Pacific:Antarctic,Transform Boundary,0.3980242799614201
"LINESTRING (42.469002 -42.73, 42.571999 -42.259998, 42.674 -41.790001, 42.773998 -41.32, 42.873001 -40.849998)",910,African:Antarctic,Transform Boundary,1.922929443524869
"LINESTRING (41.812 -42.654999, 42.469002 -42.73)",911,African:Antarctic,Divergent Boundary,0.6612685378123242
"LINESTRING (83.439003 -42.889999, 83.852997 -42.550999, 84.263 -42.209999, 84.668999 -41.868, 85.07 -41.525002, 85.466003 -41.18, 85.859001 -40.834)",912,Australian:Antarctic,Transform Boundary,3.175703573902191
"LINESTRING (80.931999 -41.130001, 81.751999 -41.722, 82.587997 -42.308998, 83.439003 -42.889999)",913,Australian:Antarctic,Divergent Boundary,3.063289251802942
"LINESTRING (-82.509003 -42.861, -83.447998 -42.980999)",914,Antarctic:Nazca,Transform Boundary,0.9466319411016697
"LINESTRING (-83.447998 -42.980999, -83.454002 -42.873001, -83.603996 -42.222, -83.716003 -41.674, -83.827003 -41.125)",915,Antarctic:Nazca,Divergent Boundary,1.8956605380606621
"LINESTRING (41.557999 -43.578999, 41.686001 -43.117001, 41.812 -42.654999)",916,African:Antarctic,Transform Boundary,0.9582777051745812
"LINESTRING (39.459 -43.285999, 40.506001 -43.438, 41.557999 -43.578999)",917,African:Antarctic,Divergent Boundary,2.1193819206168483
"LINESTRING (166.9881 -45.184727, 168.175279 -44.385977, 169.45384 -43.695388, 170.869094 -42.932286, 171.551308 -42.645063, 173.033066 -42.35563, 174.575226 -42.174472)",918,Pacific:Australian,Transform Boundary,8.29463053908461
"LINESTRING (39.073002 -44.165001, 39.266998 -43.726002, 39.459 -43.285999)",919,African:Antarctic,Transform Boundary,0.9600224459408898
"LINESTRING (38.338001 -44.055, 39.073002 -44.165001)",920,African:Antarctic,Divergent Boundary,0.743186403799311
"LINESTRING (38.083 -44.618999, 38.194 -44.401001, 38.338001 -44.055)",921,African:Antarctic,Transform Boundary,0.619401341475434
"LINESTRING (88.487999 -41.686001, 89.011002 -41.944, 89.537003 -42.200001, 90.068001 -42.453999, 90.602997 -42.705002, 91.141998 -42.952999, 91.685997 -43.199001, 92.234001 -43.443001, 92.786003 -43.683998, 93.343002 -43.922001, 93.903999 -44.157001, 94.470001 -44.389999, 95.040001 -44.618999)",922,Australian:Antarctic,Divergent Boundary,7.18058963444104
"LINESTRING (95.040001 -44.618999, 94.926003 -44.805)",923,Australian:Antarctic,Transform Boundary,0.2181557812746079
"LINESTRING (-78.206001 -44.410999, -78.892998 -44.544998, -79.585999 -44.666, -80.280998 -44.782001, -81.106003 -44.875999, -81.934998 -44.964001)",924,Antarctic:Nazca,Transform Boundary,3.7720367615179913
"LINESTRING (-81.934998 -44.964001, -82.138 -44.403999, -82.350998 -43.639, -82.509003 -42.861)",925,Antarctic:Nazca,Divergent Boundary,2.183641394581971
"LINESTRING (35.014 -45.105999, 35.181999 -44.855, 35.66 -44.866001, 35.973 -44.960999, 36.303001 -44.966, 36.676998 -44.919998, 37.084999 -44.804001, 37.507999 -44.875, 38.083 -44.618999)",926,African:Antarctic,Divergent Boundary,3.2966159162678728
"LINESTRING (94.926003 -44.805, 95.806 -45.140999, 96.697998 -45.471001)",927,Australian:Antarctic,Divergent Boundary,1.8930455458048416
"LINESTRING (-15.594 -45.476002, -14.894 -45.370998)",928,African:South American,Transform Boundary,0.707831504314636
"LINESTRING (-16.867001 -40.366001, -16.816999 -40.790001, -16.743999 -41.175999, -16.677999 -41.519001, -16.332001 -41.806, -16.215 -42.338001, -16.43 -42.868, -16.33 -43.387001, -16.243999 -43.682999, -16.086 -44.132, -15.924 -44.580002, -15.76 -45.028, -15.594 -45.476002)",929,African:South American,Divergent Boundary,5.479278860867913
"LINESTRING (-71.306999 -21.965, -71.348 -22.757999, -71.389999 -23.523001, -71.466003 -24.263, -71.524002 -25.093, -71.627998 -25.84, -71.752998 -26.652, -71.847 -27.247999, -71.958 -27.754999, -72.169998 -28.278, -72.432999 -28.900999, -72.555 -29.535999, -72.599998 -30.190001, -72.617996 -30.965, -72.678001 -31.531, -72.762001 -32.319, -72.889 -32.742001, -72.861 -33.359001, -72.938004 -33.837002, -73.246002 -34.290001, -73.675003 -34.888, -73.897003 -35.577999, -74.262001 -36.165001, -74.442001 -36.724998, -74.596001 -37.563, -74.654999 -38.138, -74.835999 -38.542, -74.987999 -39.068001, -75.149002 -39.563999, -75.127998 -39.813, -75.195 -40.359001, -75.189003 -40.862999, -75.391998 -41.367001, -75.397003 -41.826, -75.402 -42.285, -75.557999 -42.972, -75.632004 -43.647999, -75.781998 -44.050999, -75.820999 -44.848999, -76.005997 -45.659)",930,South American:Nazca,Convergent Boundary,24.496836387222658
"LINESTRING (-76.005997 -45.659, -76.675003 -45.643002, -77.661003 -45.761002)",931,Antarctic:Nazca,Transform Boundary,1.6622334354537136
"LINESTRING (-77.661003 -45.761002, -77.764 -45.589001, -77.989998 -45.091999, -78.206001 -44.410999)",932,Antarctic:Nazca,Divergent Boundary,1.4608888423030315
"LINESTRING (-112.675003 -45.833, -112.550003 -45.493999, -112.380997 -44.938, -112.216003 -44.381001, -111.971001 -43.773998, -111.730003 -43.166, -111.538002 -42.682999, -111.348999 -42.200001)",933,Pacific:Antarctic,Divergent Boundary,3.870380253644659
"LINESTRING (-112.426003 -45.854, -112.675003 -45.833)",934,Pacific:Antarctic,Transform Boundary,0.24988451312084087
"LINESTRING (-14.715 -45.897999, -13.81 -45.797001)",935,African:South American,Transform Boundary,0.9106179749449531
"LINESTRING (-14.894 -45.370998, -14.715 -45.897999)",936,African:South American,Divergent Boundary,0.5565702239267033
"LINESTRING (34.703999 -45.971001, 34.868 -45.466, 35.014 -45.105999)",937,African:Antarctic,Transform Boundary,0.919443419045388
"LINESTRING (33.540001 -46.346001, 33.818001 -45.979, 33.981998 -46.081001, 34.087002 -46.09, 34.266998 -46.212002, 34.504002 -46.222, 34.703999 -45.971001)",938,African:Antarctic,Divergent Boundary,1.5345209645672526
"LINESTRING (96.697998 -45.471001, 96.274002 -45.995998, 95.842003 -46.52)",939,Australian:Antarctic,Transform Boundary,1.3539479125129894
"LINESTRING (32.121208 -47.003693, 31.865 -47.201)",940,African:Antarctic,Divergent Boundary,0.32337754740678587
"LINESTRING (33.174 -47.264, 33.359001 -46.806, 33.540001 -46.346001)",941,African:Antarctic,Transform Boundary,0.988281007107765
"LINESTRING (32.121208 -47.003693, 32.125999 -47, 33.174 -47.264)",942,African:Antarctic,Divergent Boundary,1.0867899010028235
"LINESTRING (-13.325 -47.577999, -12.61 -47.471001, -11.898 -47.361, -11.189 -47.244999, -10.483 -47.125999)",943,African:South American,Transform Boundary,2.8777945638605194
"LINESTRING (-13.81 -45.797001, -13.571 -46.688, -13.325 -47.577999)",944,African:South American,Divergent Boundary,1.8458682292988071
"LINESTRING (99.624001 -47.978001, 100.202003 -47.265999)",945,Australian:Antarctic,Transform Boundary,0.9170790322792033
"LINESTRING (95.842003 -46.52, 96.458 -46.771999, 97.080002 -47.02, 97.707001 -47.264999, 98.339996 -47.506001, 98.978996 -47.743999, 99.624001 -47.978001)",946,Australian:Antarctic,Divergent Boundary,4.0536791266830114
"LINESTRING (126.345847 -48.603453, 126.861 -48.698002, 127.479844 -48.792339)",947,Australian:Antarctic,Divergent Boundary,1.1497513418071914
"LINESTRING (120.842003 -48.889999, 121.616144 -49.030033)",948,Australian:Antarctic,Divergent Boundary,0.7867043287230782
"LINESTRING (31.865 -47.201, 31.587999 -47.681999, 31.306 -48.162998, 31.007999 -48.587002, 30.705 -49.011002)",949,African:Antarctic,Transform Boundary,2.1520153380709237
"LINESTRING (106.313686 -49.088363, 106.498253 -48.847531)",950,Australian:Antarctic,Transform Boundary,0.30342175017294387
"LINESTRING (100.202003 -47.265999, 100.817001 -47.465, 101.435997 -47.660999, 102.059998 -47.853001, 102.688004 -48.042, 103.320999 -48.228001, 103.959 -48.409, 104.600998 -48.588001, 105.247002 -48.762001, 105.898003 -48.932999, 106.334395 -49.092975)",951,Australian:Antarctic,Divergent Boundary,6.4007025426647735
"LINESTRING (106.535083 -48.799425, 107.486 -49.014999, 108.285004 -49.181999)",952,Australian:Antarctic,Divergent Boundary,1.7913156556902652
"LINESTRING (30.705 -49.011002, 30.362 -49.215)",953,African:Antarctic,Divergent Boundary,0.3990798132763218
"LINESTRING (-9.71 -49.216, -8.922 -49.091, -8.139 -48.960999)",954,African:South American,Transform Boundary,1.5915714802699794
"LINESTRING (-10.483 -47.125999, -10.296 -47.648998, -10.104 -48.172001, -9.909 -48.694, -9.71 -49.216)",955,African:South American,Divergent Boundary,2.228434302480736
"LINESTRING (108.285004 -49.181999, 108.239998 -49.258999)",956,Australian:Antarctic,Transform Boundary,0.08918783630264036
"LINESTRING (-8.022 -49.283001, -7.961 -49.27)",957,African:South American,Transform Boundary,0.062370305696473276
"LINESTRING (-8.139 -48.960999, -8.022 -49.283001)",958,African:South American,Divergent Boundary,0.34259956913634254
"LINESTRING (123.328003 -49.584999, 123.771004 -49.122002)",959,Australian:Antarctic,Transform Boundary,0.6407935145357628
"LINESTRING (121.633987 -49.050814, 121.436996 -49.619999)",960,Australian:Antarctic,Transform Boundary,0.6023092431250404
"LINESTRING (125.896004 -49.716999, 126.073997 -49.401001, 126.271918 -48.961192, 126.361759 -48.641614)",961,Australian:Antarctic,Transform Boundary,1.1769368305351837
"LINESTRING (123.771004 -49.122002, 124.007004 -48.905998, 124.212997 -48.848, 124.607002 -48.984001, 124.991997 -49.153, 125.125 -49.358002, 125.262001 -49.598, 125.896004 -49.716999)",962,Australian:Antarctic,Divergent Boundary,2.536990439334673
"LINESTRING (121.436996 -49.619999, 121.865997 -49.736, 122.223999 -49.846001, 122.553001 -49.812, 122.796997 -49.729, 123.013 -49.542, 123.328003 -49.584999)",963,Australian:Antarctic,Divergent Boundary,2.0110360031420504
"LINESTRING (-113.875 -49.848999, -113.745003 -49.356998, -113.528 -48.841, -113.315002 -48.324001, -113.130997 -47.772999, -112.949997 -47.222, -112.684998 -46.539001, -112.426003 -45.854)",964,Pacific:Antarctic,Divergent Boundary,4.253628468214704
"LINESTRING (-116.388 -49.368, -115.233002 -49.589001, -114.556 -49.721001, -113.875 -49.848999)",965,Pacific:Antarctic,Transform Boundary,2.5586269891740403
"LINESTRING (115.987999 -49.852001, 116.255997 -49.540001)",966,Australian:Antarctic,Transform Boundary,0.41129911422044024
"LINESTRING (114.362 -49.877998, 115.5 -49.973999, 115.987999 -49.852001)",967,Australian:Antarctic,Divergent Boundary,1.6450599275396236
"LINESTRING (127.477371 -48.810359, 127.35645 -49.219518, 127.195999 -49.643002, 127.142998 -49.976002)",968,Australian:Antarctic,Transform Boundary,1.2167056948525636
"LINESTRING (120.273003 -50.035999, 120.515999 -49.523998, 120.842003 -48.889999)",969,Australian:Antarctic,Transform Boundary,1.2796429902722286
"LINESTRING (116.255997 -49.540001, 116.635002 -49.271, 117.523003 -49.619999, 118.194 -49.865002, 118.546997 -49.801998, 119.365997 -49.938, 120.273003 -50.035999)",970,Australian:Antarctic,Divergent Boundary,4.234288062629606
"LINESTRING (-7.638 -50.058998, -7.433 -50.000999)",971,African:South American,Transform Boundary,0.2130465040777649
"LINESTRING (-7.961 -49.27, -7.638 -50.058998)",972,African:South American,Divergent Boundary,0.8525527918231203
"LINESTRING (166.969638 -45.231871, 166.648774 -45.383378, 166.390757 -45.5944, 166.205002 -45.736, 166.018997 -45.887001, 165.919998 -45.958, 165.733002 -46.064999, 165.427002 -46.189999, 165.167999 -46.404999, 165.020996 -46.601002, 164.942993 -46.783001, 164.923004 -47.011002, 164.837997 -47.147999, 164.738998 -47.256001, 164.699005 -47.444, 164.651001 -47.521, 164.528 -47.658001, 164.479996 -47.758999, 164.483002 -47.919998, 164.397995 -48.058998, 164.389008 -48.202, 164.309006 -48.273998, 164.287003 -48.429001, 164.214996 -48.591999, 164.130005 -48.742001, 163.964005 -48.917, 163.867996 -49.116001, 163.740005 -49.321999, 163.544998 -49.573002, 163.447998 -49.761002, 163.412003 -49.847, 163.296005 -49.985001, 163.235001 -50.078999)",973,Pacific:Australian,Convergent Boundary,6.4259260912315
"LINESTRING (163.235001 -50.078999, 163.046997 -50.272999)",974,Pacific:Australian,Transform Boundary,0.27015074724495935
"LINESTRING (163.046997 -50.272999, 162.962997 -50.368999)",975,Pacific:Australian,Other,0.12756201368208678
"LINESTRING (131.514999 -50.222, 132.261002 -50.223, 133.464996 -50.306, 134.244995 -50.347, 135.026001 -50.383999, 135.246002 -50.209, 136.225998 -50.248001, 136.945999 -50.220001, 137.699997 -50.234001, 138.401001 -50.230999, 139.110001 -50.256001, 139.645004 -50.278999)",976,Australian:Antarctic,Divergent Boundary,8.198320094398673
"LINESTRING (114.024002 -50.388, 114.362 -49.877998)",977,Australian:Antarctic,Transform Boundary,0.6118369436472249
"LINESTRING (108.239998 -49.258999, 109.350998 -49.522999, 110.472 -49.778999, 110.867996 -49.828999, 111.128998 -49.799999, 111.362999 -49.93, 111.666 -50.084, 112.967003 -50.200001, 114.024002 -50.388)",978,Australian:Antarctic,Divergent Boundary,5.940875607720962
"LINESTRING (131.255997 -50.604, 131.514999 -50.222)",979,Australian:Antarctic,Transform Boundary,0.4615261289693449
"LINESTRING (127.142998 -49.976002, 128.311996 -50.159, 129.412003 -50.348, 130.569 -50.525002, 131.255997 -50.604)",980,Australian:Antarctic,Divergent Boundary,4.161342418905597
"LINESTRING (-7.159 -50.610001, -6.16 -50.417, -5.169 -50.216)",981,African:South American,Transform Boundary,2.028650846781498
"LINESTRING (-7.433 -50.000999, -7.159 -50.610001)",982,African:South American,Divergent Boundary,0.6678012461316594
"LINESTRING (139.813004 -51.838001, 140.322998 -51.798)",983,Australian:Antarctic,Divergent Boundary,0.5115608184479795
"LINESTRING (139.645004 -50.278999, 139.733002 -51.174, 139.813004 -51.838001)",984,Australian:Antarctic,Transform Boundary,1.568119643236836
"LINESTRING (-4.238 -52.049, -3.956 -51.979)",985,African:South American,Transform Boundary,0.2905578421766005
"LINESTRING (-5.169 -50.216, -4.943 -50.674999, -4.713 -51.132999, -4.478 -51.591, -4.238 -52.049)",986,African:South American,Divergent Boundary,2.055973107187164
"LINESTRING (-76.005997 -45.659, -75.958 -46.422001, -75.997002 -47.080002, -76.320999 -47.478001, -76.650002 -47.875, -76.925003 -48.507, -77.024002 -49.192001, -76.989998 -49.845001, -76.757004 -50.729, -76.625999 -51.376999, -76.483002 -52.068001)",987,Antarctica:South American,Convergent Boundary,6.76865629950353
"LINESTRING (15.112 -52.306999, 15.428 -52.084, 15.822 -51.786999)",988,African:Antarctic,Transform Boundary,0.8801632142662319
"LINESTRING (14.463 -51.997002, 15.112 -52.306999)",989,African:Antarctic,Divergent Boundary,0.719235500272534
"LINESTRING (13.788 -52.477001, 14.463 -51.997002)",990,African:Antarctic,Transform Boundary,0.8282661514406212
"LINESTRING (12.895 -51.963001, 13.204 -52.140999, 13.788 -52.477001)",991,African:Antarctic,Divergent Boundary,1.0303612848859078
"LINESTRING (18.537001 -52.734001, 18.712 -52.553001)",992,African:Antarctic,Transform Boundary,0.2517650581375929
"LINESTRING (15.822 -51.786999, 16.907 -52.168999, 17.806 -52.466999, 18.537001 -52.734001)",993,African:Antarctic,Divergent Boundary,2.875622659980499
"LINESTRING (-118.976997 -52.896999, -118.875 -52.751999, -118.421997 -52.212002, -118.120003 -51.771999, -117.823997 -51.331001, -117.522003 -50.875, -117.224998 -50.417999, -116.802002 -49.893002, -116.388 -49.368)",994,Pacific:Antarctic,Divergent Boundary,4.381695003576302
"LINESTRING (30.362 -49.215, 30.006001 -49.611, 29.712 -49.932999, 29.343 -50.507, 28.969 -51.137001, 28.605 -51.771999, 28.403 -52.277, 28.312 -52.540001, 28.111 -52.903999)",995,African:Antarctic,Transform Boundary,4.35348733240556
"LINESTRING (28.111 -52.903999, 27.479 -52.771, 27.370001 -52.673, 27.322001 -52.547001, 26.712999 -52.377998)",996,African:Antarctic,Divergent Boundary,1.5592683651072141
"LINESTRING (18.712 -52.553001, 19.993999 -52.817001, 21.25 -52.909, 22.504 -53.050999, 23.075001 -53.098)",997,African:Antarctic,Divergent Boundary,4.403211219342526
"LINESTRING (-117.661003 -53.124001, -118.976997 -52.896999)",998,Pacific:Antarctic,Transform Boundary,1.3354289348306505
"LINESTRING (23.075001 -53.098, 23.021 -53.200001)",999,African:Antarctic,Transform Boundary,0.11541375633213959
"LINESTRING (10.975 -53.332001, 11.708 -52.783001, 12.299 -52.375, 12.895 -51.963001)",1000,African:Antarctic,Transform Boundary,2.3584950793308153
